num_nodes,num_edges,runtime
485,2672043,3.33
195,861550,3.7
880,2755434,95.61
963,1816148,2000.21
205,615081,1.13
155,2907838,1.06
979,102444,90.18
611,1155636,26.6
677,531159,279.92
393,1236632,8.65
711,2628000,59.0
324,553475,37.99
1370,378231,2199.4
1317,98775,576.43
872,3235350,294.43
942,2151600,177.81
1474,699806,1637.57
1565,1366371,3600
1593,2625832,329.54
562,2649265,78.78
1099,532081,447.17
1318,2582750,763.78
265,1998142,13.83
106,962670,0.47
611,1432196,4.23
201,2826039,1.52
629,409169,154.41
373,3076035,29.0
454,1396237,27.41
463,1874020,63.26
450,2233634,39.7
452,3039820,11.07
297,3142085,3.55
328,1484147,19.25
1549,1629414,1704.11
1255,774814,435.93
1214,1143471,3550.16
432,1789364,3.5
287,1582490,25.74
807,2356165,29.44
1463,367824,171.99
644,1166229,50.65
1410,126662,308.82
1311,606291,1057.69
1504,1333387,2518.4
158,1341214,1.4
1244,1434,654.49
1531,2296346,1360.08
392,595146,2.81
312,2852907,9.93
270,671226,25.99
851,2391215,624.3
1124,104551,545.18
575,1130791,40.21
1428,1661975,3475.73
1317,1596433,278.05
171,1434027,0.67
1157,341859,3204.78
1048,2646678,128.14
1351,1228405,1153.77
321,1414715,6.18
1116,247075,1182.3
177,1271975,1.61
166,235793,1.05
1014,2988125,110.13
517,994100,4.18
383,2660418,5.29
431,2809350,2.88
284,2345596,4.51
1014,2761665,29.04
1087,1686198,509.37
1518,1468195,2631.45
1068,1983518,69.79
189,1578632,1.21
667,59832,33.16
1479,2781909,642.38
1454,1298214,1556.26
1153,3137959,770.82
917,702760,412.61
1190,826014,49.82
1276,2564325,956.39
656,2345566,16.17
846,2696316,199.02
390,2727660,60.63
833,2423407,21.44
122,1961096,0.98
1526,231384,561.06
1075,685125,39.97
991,815917,268.62
400,3038751,42.61
1377,592803,784.53
863,2445828,137.56
498,358501,39.61
638,1989065,134.28
1085,452280,823.18
453,1347016,5.68
1570,2786165,3383.21
710,948125,256.35
855,262562,114.71
1036,126489,40.08
898,1748125,640.06
894,3069692,115.2
138,153137,0.64
1165,382111,1962.41
933,360627,55.22
911,2812932,6.16
307,2302698,27.23
770,2689117,59.67
739,510945,276.51
1335,322120,473.56
1587,366223,797.26
534,38427,64.4
313,1480425,29.8
1545,855150,572.39
1144,1860968,254.64
348,3255315,4.23
545,537250,1547.48
1479,2147753,318.61
256,1721512,1.33
1251,2485406,428.02
327,2758860,5.8
911,2180879,1180.45
190,1086256,2.24
1037,1498189,3223.13
577,2005381,256.18
1564,2212457,3600
1180,2222617,54.9
586,2043621,67.32
630,1565647,266.79
1317,2026725,536.04
592,1933701,13.01
1114,1485086,384.5
1295,50330,332.15
738,2424011,11.08
635,1467654,18.17
1464,1838039,1035.66
1281,2177920,178.66
1381,1934215,3600
893,3270894,363.0
1067,2745813,819.01
819,2283353,185.6
615,2146567,4.73
1015,1665951,145.15
455,2961853,135.64
236,1764059,8.0
901,1933336,1703.44
1291,2484031,1118.91
545,2817923,5.45
792,1306543,63.96
798,2742372,105.3
1099,2401430,2270.45
1485,2939591,1519.19
426,894130,15.77
1343,2376700,2201.47
316,2313289,1.76
1225,1909905,166.05
623,2265676,38.95
274,80221,3.15
590,480869,168.03
956,2313317,281.33
724,2919300,3.97
814,1291225,157.22
932,332525,143.12
393,2035462,8.84
251,2401593,4.2
1268,1091668,2308.32
108,1266956,0.33
447,2728062,42.27
501,1664557,55.17
1261,260684,367.29
964,3106943,214.59
698,316250,86.87
750,214448,56.25
970,2762534,201.22
344,3086556,4.08
113,2608876,0.27
1550,1228280,1010.84
209,1618639,0.51
1088,3210432,227.38
1489,1285199,3462.87
721,1385066,21.12
769,1151835,33.88
1015,1138948,100.7
589,1067742,3600
239,1310171,18.41
390,719672,5.94
964,602104,62.99
1452,693532,3600
365,2915274,2.32
298,72274,12.93
833,2250553,33.28
1385,2543727,181.96
1178,1259182,2652.62
672,877550,144.11
206,2864883,0.74
1050,946896,1113.65
1525,1209769,109.81
295,404912,3.85
872,1385928,162.26
391,2418774,17.43
1516,711363,330.09
1193,1419974,316.61
859,3114135,416.84
1068,3192185,381.93
1294,2819662,525.04
144,1440944,0.57
510,473362,194.34
171,2761476,0.65
519,2981189,45.28
329,425382,1.89
764,1578600,54.5
315,581550,5.63
975,1799712,800.03
997,724784,3600
1017,416937,160.21
688,2942743,86.04
566,753346,44.08
579,327445,33.02
1050,967151,326.77
823,2996453,50.94
775,3124629,331.39
670,1895020,181.05
758,2497104,432.92
217,1261632,10.63
716,718210,48.85
839,2374493,170.63
881,339607,2473.82
736,2008478,8.85
251,409114,1.16
1351,2047351,595.76
492,538469,40.87
1146,1668452,68.88
1584,1136694,3301.47
1206,2729278,977.0
210,3113004,7.83
660,3005305,45.51
1210,1502668,467.46
847,2247453,262.42
975,2860445,382.15
1554,2863318,1008.22
944,1378555,490.75
831,2169967,143.91
848,1075994,122.81
114,73025,0.2
415,1655807,10.13
1470,3006987,557.51
1094,585194,785.09
1287,1191533,717.34
766,614051,200.15
551,395369,4.74
1089,2442796,36.19
469,1802367,109.99
1153,2937746,66.24
1355,1240583,2134.29
762,2875667,144.77
968,2061423,292.82
1515,420164,1377.58
1324,3100171,1813.86
1241,1949306,1509.69
1454,3075641,218.43
1297,52500,433.14
1251,686700,93.52
1350,1120725,3190.29
1216,287684,135.9
128,602253,0.84
1069,1169331,58.89
980,2179487,147.52
1232,1146715,345.66
1362,417018,1377.88
233,2654115,0.88
1269,168712,755.66
586,2877662,182.69
864,1833054,235.43
1019,1763710,110.04
428,2845557,12.58
1337,2053614,393.47
419,169927,29.18
280,1308229,1.62
1404,1939703,3600
233,108678,0.6
1355,999428,3122.92
1374,1974476,3600
1424,2443014,780.36
513,257546,148.33
189,2432414,0.83
1593,2640390,3600
1564,1629464,3600
395,1018021,2.18
1045,1926817,444.79
116,2617528,0.61
1374,565085,156.09
1309,1285773,1156.52
628,1561554,173.0
106,1539130,0.3
1314,3191616,1350.08
1169,186898,1908.76
1098,166389,221.68
1025,1722072,105.63
570,2790070,44.85
297,961241,9.24
1021,2877275,112.73
489,1628880,94.08
333,2008524,8.71
1068,113477,1148.05
1513,2914692,777.68
814,1769744,695.63
433,139503,3.72
1391,1125174,377.22
613,825544,4.71
1159,1489489,913.03
1085,2858026,704.38
1526,2075244,389.41
907,917250,501.22
1529,123037,3266.28
825,1675356,12.59
385,2774493,31.03
584,2524675,65.12
473,116468,21.45
1475,2503771,3062.33
1586,2192115,3600
1455,3063009,484.59
1396,2307843,421.55
1264,1284675,887.24
126,854985,0.87
456,1596851,21.25
685,1073612,295.85
1423,606690,1102.64
343,1518707,8.99
393,1191427,4.3
1187,2707785,308.52
242,749623,0.86
301,1671965,2.08
747,206335,21.08
525,2924450,24.18
1037,1687850,29.2
1236,1481416,165.99
1286,1112371,3600
937,2282481,332.16
1127,381619,257.48
1211,2064107,722.48
510,2807537,32.75
773,520741,690.18
1417,2013807,2934.07
959,2696619,173.4
932,2688063,743.12
824,2974746,656.46
710,2660921,11.06
627,2110849,1094.8
1547,1042589,3600
666,2412246,6.8
831,2982528,351.82
1570,1187981,1885.91
1197,400584,3316.23
372,1422199,46.32
555,2137093,29.24
1038,2416149,474.12
980,791727,397.29
807,2213703,420.5
1315,676425,772.49
823,982059,90.21
1364,1386100,1653.52
1136,2900662,264.61
682,1477012,359.11
604,651637,60.02
569,3085000,69.58
1552,2620896,3600
1522,3265128,3600
626,586906,57.26
1299,2528098,588.82
570,796948,45.98
1333,215196,1278.15
1597,2563442,2730.86
1192,963650,240.8
278,3164943,2.25
465,2253545,58.78
745,1645587,134.86
180,2588800,0.62
1427,1296310,3600
605,2179946,191.05
412,3043885,134.74
129,2666096,0.48
1596,955162,329.09
1051,2242439,364.72
900,1710612,241.0
1539,2674805,2154.04
466,1667357,28.87
112,1554521,0.7
1375,227315,458.17
359,1835840,8.55
425,686169,7.56
1410,1885379,275.88
1231,2180387,53.61
619,61156,28.48
561,2411144,87.55
593,1980007,109.22
1316,1796339,459.79
887,3161956,89.82
374,1288462,53.53
499,952532,37.07
246,2098755,6.61
1057,18112,25.99
1076,2218369,331.93
947,2086339,1155.12
159,2458580,0.46
998,683835,1782.22
596,156156,111.82
541,3246948,187.99
1208,269681,665.6
182,972762,1.44
1567,1624651,1571.23
1284,774100,603.74
1209,1899756,35.82
712,267737,342.67
1418,94575,637.26
1235,1431431,767.56
106,620662,0.31
591,1472359,25.96
823,2826704,240.16
820,1361439,44.41
237,1572376,1.48
603,2115345,8.98
242,261829,2.78
1263,1739626,1949.4
726,2465067,8.02
1044,2009832,152.2
830,1200048,388.45
1242,2156262,231.23
1466,2586450,437.26
363,896278,44.7
1377,2001637,842.36
311,944893,26.74
681,1759446,180.24
1085,71032,311.75
1450,3219691,335.27
1444,2837946,77.18
902,178679,167.07
124,2323698,1.36
1402,2768136,310.08
872,3098173,248.11
1315,2694351,1013.6
1279,252632,603.52
1271,1414512,2182.4
827,3063212,23.73
994,2313048,1097.82
573,2239344,27.47
1465,1509370,378.77
1388,3173782,2196.14
241,392993,1.29
1552,2653411,1855.63
294,447755,1.43
986,1530388,44.58
1357,695255,1717.63
610,1832459,86.99
1239,37627,3061.35
882,364802,294.34
344,2509355,42.13
917,2042199,64.69
907,930230,95.73
1080,1052450,49.87
607,1779781,42.52
765,452106,293.74
1234,1469253,261.52
1076,3109050,498.61
926,3074950,153.82
1172,912259,3600
438,3049226,2.73
651,313101,13.64
1009,1403248,460.26
1293,603628,887.04
1568,1165064,533.54
855,478353,200.56
765,62237,252.87
1366,3034825,564.29
1312,253702,2074.28
1419,339203,2409.65
1219,1927628,611.93
791,2611772,52.38
298,3109922,2.94
598,740429,20.38
1361,706888,723.57
816,1398850,46.93
1529,1937662,496.94
537,2728761,27.03
659,1395496,20.83
682,1481867,25.29
1056,1509207,170.22
321,950676,3.08
310,1261384,9.72
852,2726193,130.36
759,785654,112.61
837,2029438,92.09
1074,2827366,120.55
459,1914845,19.4
1209,2434259,217.81
389,3212207,62.91
753,776595,193.97
1338,532114,1475.46
724,639550,70.95
1540,2039482,211.48
1067,122999,23.88
741,2893523,134.34
1349,447400,2117.88
1465,1478935,407.18
1063,2845386,159.38
984,2289449,55.8
387,2781105,51.79
1564,238655,2632.89
989,2356950,461.5
1407,1187500,3600
958,1546187,124.37
1477,876171,2708.34
1193,1616759,550.09
936,1014659,257.3
787,2046160,254.59
657,2922514,142.09
701,2212817,472.81
1595,2908528,434.13
375,542245,23.16
358,2871770,17.3
160,778056,0.53
1428,142795,669.61
1406,2632632,3600
184,2575607,2.26
520,1096335,2.46
182,1185326,8.87
698,2850257,5.16
725,521041,118.26
627,3060796,282.03
895,2026017,103.89
1391,2679526,1000.5
1128,1398884,142.73
1087,422115,44.64
329,3183419,17.51
324,2747803,3.67
509,260193,42.14
234,2918821,11.75
212,1042429,10.4
641,3085893,32.83
1543,60054,1253.72
922,1752201,480.76
1193,1968953,1013.14
1410,1697308,632.8
346,2514857,10.13
1302,416229,3600
866,1554832,380.76
238,2250654,2.52
601,3073382,49.11
772,774469,11.81
643,3044123,17.52
1537,692182,1301.56
1429,1318025,2271.29
1517,326092,120.2
1267,311392,448.37
803,2598270,155.61
1246,882824,2354.56
1168,2040173,72.31
371,3261173,5.32
397,1797075,4.05
337,1153287,35.87
236,2721887,2.59
331,121606,6.77
1182,2089037,381.92
963,1027490,112.72
462,706884,22.33
876,1183150,86.04
1543,787895,344.72
303,1885548,8.96
1419,1229810,3600
103,2344865,0.2
714,2412321,236.87
1416,1143128,262.11
1588,886534,3600
239,1892621,1.65
702,1184014,217.04
1328,1353395,1096.99
1064,1804714,220.81
1211,2219492,179.02
140,3036408,0.76
471,308335,22.41
1371,1523978,1749.39
1406,3054659,659.75
269,2010208,0.98
405,3159,49.14
1194,3071266,58.76
1443,2472047,3600
287,24328,0.9
749,1178643,283.0
315,2196714,16.53
574,1231972,52.41
1059,646601,128.16
1087,1466500,544.19
1121,749939,688.37
1147,628078,497.01
1062,1150100,1236.17
871,2899371,27.4
596,2031414,79.33
1170,2047010,387.08
938,3194921,43.12
415,3199453,5.18
777,2039818,30.51
131,655275,0.54
575,2563496,20.38
518,1698500,95.32
351,2776616,10.4
278,629281,2.91
540,227512,8.93
753,175546,106.61
964,880850,159.49
595,649237,194.67
1117,451493,65.07
380,1740100,58.33
1402,2146437,340.31
1035,1070959,329.23
1383,358300,572.49
420,34856,7.38
1558,2793006,3600
269,1225739,0.64
673,48793,42.26
870,2692109,1089.79
594,1555817,47.87
442,1453201,29.51
767,569692,55.78
481,2699341,34.83
566,2000429,4.16
153,926353,15.17
1497,64246,410.75
904,2333602,613.9
1490,1294198,1448.38
941,670412,119.56
1098,479103,184.91
689,1685148,80.06
1513,2510032,343.63
1040,2274331,392.17
1245,1356395,34.65
1438,1094689,313.42
289,619816,2.12
430,3172807,19.79
923,681025,187.16
558,2807958,51.28
478,1131295,15.89
285,2964713,31.56
1266,891727,276.19
296,294959,2.44
1162,2430030,369.4
408,845633,14.14
1012,2254828,12.46
559,1029035,41.64
1098,1512133,45.95
1578,3174488,282.4
760,1440005,65.08
1444,811790,2600.13
111,2012258,1.2
482,775114,6.32
1178,2956643,107.41
909,2521709,20.85
1024,3199250,1087.59
219,290762,1.14
788,1051925,102.51
1309,1367918,1425.64
1185,2032787,301.03
103,2181465,0.26
1380,1970643,154.24
1466,3274587,79.71
1242,2673640,2775.53
1405,2249506,87.28
894,941306,11.21
514,2224195,48.84
1591,28239,2479.22
234,2996078,18.22
155,790220,1.32
110,1423978,5.72
782,2404570,98.13
218,1623971,1.73
944,2287023,203.48
1271,1035282,162.71
418,2870327,26.31
1446,2808782,2162.1
1366,3173946,330.45
1382,1945024,374.38
701,331669,241.2
761,1327796,33.09
919,1738630,90.59
914,3239160,2909.76
806,1058587,20.29
1517,1406922,575.02
747,1197196,34.76
645,981248,59.07
416,244554,2.52
1462,1947344,2757.65
825,1991698,29.55
1174,1079967,1201.15
132,2499197,0.42
317,396081,12.97
549,536560,7.63
877,349180,169.31
621,1384963,48.2
1419,1576081,208.45
1140,434388,1005.41
1076,3024054,3600
1000,79230,561.0
1036,974617,403.16
193,1012282,0.76
1561,1230861,1091.59
998,3174185,485.98
642,2246851,86.78
743,2011501,131.63
251,1145260,3.18
929,2414037,3600
1329,2891150,782.6
1418,1495575,1785.8
217,177728,1.18
679,3217196,60.59
335,2340946,5.44
328,929596,11.58
540,238568,55.18
676,1027271,92.58
922,2276373,378.81
221,3156073,10.42
987,3043220,1361.09
871,121937,641.58
1060,2040840,409.53
1240,556917,396.57
1307,413907,2894.56
688,3141253,19.58
783,512242,154.91
542,348107,24.41
1346,2456569,668.72
435,2897267,86.85
667,1275506,33.78
1541,2569253,405.35
519,3235769,9.92
466,2667712,45.84
227,526579,23.64
1312,352049,317.71
1278,263356,1132.43
965,1402990,889.21
829,2022453,168.5
732,1264218,17.45
944,769015,93.07
1456,1181621,3600
824,1058525,590.99
187,1617386,0.86
1511,1072620,1825.44
562,3019203,10.15
715,2915218,319.56
883,1425525,1721.74
1377,2781509,3600
1562,2150404,940.14
546,2547703,16.04
639,3098138,27.88
1454,945211,549.4
135,2937775,0.37
1377,1089576,453.49
1232,1578158,166.97
1362,2245926,753.2
1252,1769365,155.49
941,110153,143.6
610,53100,52.8
1318,1598406,283.77
449,1460581,6.27
839,3265959,60.39
846,1127540,367.81
604,3253746,34.29
620,2905968,93.69
773,315370,42.52
778,2694389,100.59
922,1996173,607.34
1023,1850942,458.11
1595,1700695,1078.58
818,1185281,23.99
626,1760589,19.97
618,815092,23.6
993,1602887,79.13
934,3213093,54.21
1062,3243024,989.14
614,2424423,3.52
1207,2568689,675.27
791,2226816,31.66
275,2080407,21.61
566,3156221,366.04
1437,1070907,183.62
1268,1211430,1207.86
427,1037720,3.25
1318,2152034,2398.96
1431,1797725,614.15
1403,314615,3600
450,3170847,82.82
1147,3106445,288.54
806,1703991,152.84
858,3043760,237.37
1164,2909052,250.51
520,1959544,28.97
1097,2258688,1551.83
1308,625860,513.85
609,1844761,54.8
892,1377340,266.3
703,897760,198.93
165,2792135,2.19
803,2258550,24.88
1150,2610097,705.06
1329,2772701,843.33
1492,3201226,822.52
1485,1879505,1564.45
530,222134,58.45
1111,199650,725.9
963,3151643,176.85
1109,1370543,354.11
770,555912,69.15
534,1806278,27.72
1449,2394406,1273.7
790,1270831,574.77
747,1783017,236.39
918,1828825,227.75
1559,1515081,3600
984,348190,39.64
1198,906129,241.79
968,1270118,98.91
165,1629685,0.84
764,948328,58.13
952,932239,11.74
882,2784749,358.22
1390,975719,3600
1075,1797895,431.98
218,2141914,1.39
991,703356,54.15
583,755641,7.52
555,962888,78.41
648,2994358,19.1
537,1845192,400.45
698,1639319,144.98
1001,2974221,101.6
1421,275977,192.93
1547,3176141,1612.01
1008,2301780,79.57
416,2057701,64.78
1555,1894703,1097.37
1507,653475,428.34
1345,819885,891.55
277,799616,18.54
1489,1309614,916.62
502,350487,34.9
1150,2878307,151.57
446,2253977,22.47
142,741523,0.95
929,433217,65.39
1188,1243111,121.97
113,1201043,0.23
845,3113594,170.45
1492,3130976,3600
1113,1327551,3600
442,156094,17.9
1022,1215402,595.33
645,3243529,263.42
1082,1558025,816.59
849,2906300,297.76
1190,423893,346.14
1596,2836128,3392.55
833,279553,156.21
1035,1469106,51.48
628,349418,127.18
1115,2589670,64.89
1459,2845495,504.15
556,533743,23.18
855,2361673,58.96
1384,1666207,41.94
628,188437,8.63
1144,1468020,324.99
916,2247217,96.84
106,172480,0.21
1181,660664,355.74
777,606534,35.33
882,294313,16.88
811,1217732,24.96
966,2047902,19.89
977,567952,228.39
995,1669007,474.72
1543,78068,671.35
169,816162,0.96
144,1465055,0.52
129,2647015,0.43
902,912753,71.97
1162,2475828,733.89
674,1275896,12.13
592,2817363,5.57
160,795275,0.68
270,2464342,1.9
193,637531,0.64
1223,2962577,677.87
546,71214,5.95
435,482273,4.16
1578,549692,1443.09
1079,2722514,499.22
899,1731538,165.37
918,1128224,271.44
1150,1306515,797.4
1527,53296,2048.86
664,1648605,91.89
506,473463,77.6
1110,1227694,1555.99
1114,1323939,415.33
857,478407,125.46
1335,2948964,1312.79
1342,2473050,1761.71
345,1691612,65.01
1176,2456862,1400.13
208,557612,9.8
964,150962,68.39
711,1880956,125.81
257,1860343,14.29
142,1514554,2.68
573,1811412,52.23
1588,910039,838.16
1328,2941128,402.08
1261,726159,541.26
1447,1401851,464.62
1216,2178662,357.63
1042,184957,168.59
799,621318,126.6
980,2790835,99.29
456,565554,8.94
1479,523512,625.34
823,2654013,275.09
109,1370730,0.2
1171,653829,424.6
210,1115075,2.2
947,2370020,126.87
366,1630457,14.95
691,14053,157.1
164,1597732,0.4
221,2940452,3.14
146,779754,3.05
1086,2890702,1781.73
1274,21468,551.92
1296,2585086,1250.2
105,2865496,0.74
236,118141,0.89
906,582673,44.75
1158,710466,346.35
739,1037393,22.79
1387,1793895,3600
1426,814646,93.96
246,871515,2.19
946,3165216,116.4
631,2858935,386.92
441,1404123,7.61
767,2806005,34.24
835,576266,8.71
462,1509703,5.92
358,1108263,10.72
1538,1968069,2915.12
853,133793,200.23
801,1070448,621.64
262,3078445,3.64
1296,2901925,226.4
1181,529337,68.05
1460,950981,2592.46
678,2557175,6.05
1144,2551384,1898.68
1320,1350568,3600
1381,525271,373.84
1073,387168,773.04
1511,1653335,529.85
693,1862821,17.48
652,902306,174.41
148,1094517,5.23
245,1668103,2.04
516,219076,24.27
1450,1196764,765.16
1031,2286132,1121.77
467,867964,46.07
892,940872,85.26
1123,493653,252.38
1324,1407900,550.44
254,964808,40.3
1468,612873,3600
1069,1238931,67.22
865,1803971,255.68
210,3168024,12.2
1266,2788127,141.76
1265,566289,274.28
1211,1990031,154.04
1216,1917362,97.16
364,2017942,3.05
753,431746,222.56
747,3105880,56.07
1443,2086619,661.77
1430,1887432,3600
201,69680,9.11
894,1695677,231.11
1274,2243956,3600
495,503898,355.15
237,512887,5.11
427,741436,2.82
1383,1195391,240.19
1075,1046631,386.22
156,381942,0.71
1219,1879353,466.14
342,2204271,3.16
1027,817823,585.8
1217,2283691,3600
501,2152883,37.18
622,1154344,35.19
1040,200660,94.1
718,89150,236.5
1267,2285925,1193.87
559,1019875,30.9
1290,1039643,126.36
1346,2037778,980.77
428,1197453,20.89
1156,1830440,526.16
517,3140992,97.78
509,3069828,77.49
416,2059142,127.1
639,1977860,37.49
597,1384453,15.02
1536,2333664,484.48
823,2851207,180.17
174,567792,2.05
256,1239608,3.07
880,443839,135.31
842,612457,94.72
796,360209,101.47
968,630424,22.18
1129,1844526,142.65
1143,2012572,374.05
1218,2777536,3600
1439,347345,78.43
271,2189758,14.3
871,910759,279.81
751,921945,351.83
712,1218277,75.12
687,2240165,12.03
1435,504,60.3
1541,60798,650.4
771,1696570,274.19
277,1545977,40.17
276,1186401,45.44
1117,310247,20.49
792,768667,256.39
1408,1343887,3600
712,3207287,78.86
1012,831181,185.66
102,582648,0.34
703,346900,238.7
859,175672,637.55
1210,2110270,650.73
970,2110192,997.38
693,700229,63.66
1429,1788906,2364.58
847,1247515,311.84
462,2421085,40.71
1048,451750,50.24
1488,1539662,2380.17
614,1973006,92.82
915,428787,258.27
450,2430871,2.86
664,1730393,33.24
1061,2172065,317.4
766,2546051,19.59
476,635775,56.01
1284,1540129,969.69
106,892106,0.24
1500,1725603,1531.86
682,2189875,176.11
986,2494509,587.41
575,3020534,71.43
1355,2749757,3600
1144,740923,63.34
871,2557271,2146.08
668,3237414,331.08
726,3084983,55.75
434,3061807,82.16
1504,2847054,762.34
1521,914542,673.41
1386,3121635,167.49
201,1499739,1.47
1428,1020500,375.07
1119,1954270,2532.78
163,240478,4.04
345,2277823,4.19
581,3258579,40.19
348,3009868,2.11
769,2833469,305.41
687,636657,53.08
1217,2200414,1220.48
536,1488614,38.18
454,433920,27.78
419,597591,25.57
730,855707,27.23
1412,832385,1320.67
1567,3124726,90.18
1358,2631308,1720.03
126,1678982,2.76
811,691212,65.13
1182,1731846,1007.26
423,2845672,29.92
1131,153362,118.54
1102,886687,161.09
1307,1564757,3600
1130,510900,417.22
1206,1103462,276.12
1224,2549481,194.4
402,1524318,31.48
1512,2793990,455.34
1371,1292268,3400.73
1034,2563203,59.28
904,2905293,857.22
1330,2937456,85.59
1089,1801906,1070.08
175,1213476,1.67
317,542600,2.9
656,2598220,67.9
1482,292446,503.82
1585,1755189,817.0
664,1255944,90.94
878,753743,325.26
604,1339029,11.5
1384,2761675,2656.01
201,3269267,6.53
774,146542,21.14
1342,1873991,805.64
231,719671,0.93
1008,2684304,258.02
107,2066071,0.44
1277,241139,1212.9
1194,1291153,467.76
1440,1889622,1070.9
945,1817628,724.78
873,598136,68.82
931,805098,58.78
805,1373419,137.67
199,3198350,8.98
126,1561923,0.49
1013,2977539,618.17
538,933150,15.02
1273,801181,651.5
288,3139567,2.84
631,2568940,33.58
953,3018596,43.99
606,2764954,110.78
673,809691,39.45
919,1387342,96.78
405,1134742,15.39
1448,1979542,123.26
1392,3242613,1207.52
794,186967,69.73
1157,338863,74.7
1416,629648,2968.39
567,2711587,115.58
936,1590253,210.71
1138,156625,76.37
1024,3022031,97.08
1143,2389356,1652.94
683,2316387,471.02
138,1956628,0.34
742,2215068,132.94
1522,1221603,1636.29
1545,802132,341.52
472,1973882,4.1
1460,1686825,3600
997,1021204,422.48
1354,892378,49.9
705,2709664,67.6
1177,2376314,32.06
1067,2998650,99.4
343,1524424,13.74
225,2023266,1.03
496,532196,27.4
507,1088008,104.59
1267,1994850,3600
1204,2443453,253.15
1111,693432,378.04
1044,2369270,47.73
370,279717,16.9
132,144180,0.45
967,1006157,212.87
128,256625,0.61
762,2830414,62.59
676,1995312,13.54
563,2605882,45.44
635,1899021,130.07
856,2862465,450.5
1188,2047925,191.18
694,2590725,83.93
1084,1504545,1009.69
832,1741786,157.37
368,2011535,13.01
268,355803,3.9
237,1138816,0.81
1024,2564063,408.04
143,2172764,1.01
790,1307477,217.04
920,3053058,352.3
338,2864423,2.5
1368,1890825,526.66
1156,711058,764.63
1323,1675179,3435.19
910,2722193,85.07
447,883025,16.7
1035,3018812,208.7
1009,2363037,565.74
735,3236037,49.86
1322,923359,3600
443,1595031,4.34
1388,2803521,73.26
528,498226,17.91
1352,2463593,2202.26
1465,748379,404.83
543,3197225,74.03
817,1048379,279.87
808,1872246,9.77
1318,743690,113.19
1045,2917035,377.67
724,795742,169.84
113,359422,0.5
736,597891,118.3
715,1132692,408.64
407,523910,48.55
591,129125,18.97
770,2078279,183.87
1317,983953,87.79
1233,3020071,291.41
1087,2928486,38.99
1567,1854633,802.44
1597,1738667,3600
357,2194806,6.2
1513,1088338,933.1
1072,2100060,68.47
738,1834089,3390.8
1382,1284901,2410.57
996,2789061,1576.61
569,1174988,16.22
786,1348202,25.12
207,2845115,0.64
106,896866,0.26
861,1944679,366.89
337,1905518,9.42
1472,2565226,72.61
1432,3165555,88.4
110,1389636,0.44
1436,1604794,328.72
1526,2775645,1552.78
1585,1396326,3600
390,2237239,55.18
867,34538,523.28
1165,1775682,245.74
384,2466700,8.72
228,1857612,1.63
221,208437,1.68
686,275940,32.8
1162,256234,831.9
1490,1840940,1315.61
340,853865,2.15
674,3223598,49.41
597,1715846,81.12
1491,2353131,1057.33
810,1276560,59.49
429,1914242,3.03
412,1718564,17.06
832,1091568,21.83
941,2226531,582.0
907,116395,74.46
252,1005683,1.19
432,2877597,45.31
1079,1025904,27.96
1571,2062261,3022.63
1518,725991,1172.78
418,795457,11.09
1386,661691,1219.92
382,726303,95.93
913,1311400,182.92
407,902285,2.5
1434,2196407,3600
244,2658029,4.18
501,324202,32.74
1188,904221,605.31
799,1315462,10.84
413,1996905,14.32
1441,2508530,250.34
1320,361332,317.04
813,1814698,149.26
1266,1461911,2356.65
534,787347,33.69
648,2791775,16.57
903,1600248,48.16
833,491271,217.94
283,2954040,3.4
692,2870049,83.05
666,2077895,28.69
1108,2157562,3600
1382,2269711,393.94
689,1760189,60.65
349,632762,7.75
401,2960994,1.41
814,637310,174.22
1222,188360,1333.49
389,744843,20.02
347,3092400,7.03
1246,619987,385.26
414,2574612,14.9
313,2317875,2.6
1200,2345625,367.47
689,1504412,537.95
266,1722565,14.35
213,3221862,21.75
1597,2865709,1519.78
777,2526812,154.21
800,1486637,132.99
1071,1349803,276.58
125,2030342,0.26
1391,2242335,1896.02
357,1917309,5.87
176,778520,0.99
231,2643306,9.73
770,3163363,239.34
513,1335507,90.98
1029,2814026,1017.52
425,55571,8.01
1243,1645590,1391.22
807,2752950,569.96
726,225233,61.35
1357,2610246,462.71
1300,892289,210.8
443,750535,15.25
230,824435,5.22
1417,2719314,430.58
1130,875500,22.41
554,2424724,38.33
1184,3213311,500.78
268,581014,0.8
440,161666,28.03
743,1815586,345.33
1144,1383137,273.23
1187,598216,572.43
878,319366,243.04
389,1208872,11.28
1413,1937892,1601.13
1525,2156633,3600
1560,1997670,1589.46
1450,1742954,1558.6
1188,1360842,464.63
210,1693555,1.04
328,185876,1.56
1074,2774771,43.16
306,2002641,6.88
725,2067778,96.97
1530,3240267,3600
1022,2629987,141.34
1257,533875,244.62
982,292675,410.19
1408,2917875,1724.4
678,683525,18.28
1288,1246990,2066.68
106,1666728,0.22
407,310425,41.85
1190,2482628,232.3
1482,1609190,1002.63
793,3210770,98.72
885,2377053,194.11
233,1868450,0.94
186,1323095,1.46
416,732117,7.09
666,589614,52.59
968,677287,471.61
391,902735,47.14
1375,1615818,1183.79
1085,2505457,2583.49
1535,3111949,3600
1006,1839300,506.78
348,2951861,24.41
884,1403482,142.42
1011,3132011,576.54
1123,1222810,156.05
456,3261091,17.22
855,1583253,150.61
596,2574025,116.81
1315,592558,3102.92
1385,991873,1038.39
1169,1738442,124.52
1527,1643053,554.65
1432,693159,3600
247,996780,1.5
287,1230408,10.29
477,27069,50.34
312,1808435,13.51
1572,471775,2969.35
1438,2685843,1359.59
1599,3082987,1444.2
1259,1767891,126.24
308,1119691,5.58
429,178090,43.38
330,2103925,3.08
227,2352804,1.74
1347,3106088,337.48
1158,142405,1335.43
420,532307,62.22
1308,567902,121.96
1050,957889,1548.08
1414,229092,493.97
1370,1668125,454.92
1388,386825,1006.26
1102,2139443,837.35
1441,168412,735.07
948,290762,186.36
1016,2088290,352.32
448,280409,18.67
338,1305795,3.95
452,978546,8.83
903,2962628,685.0
1493,1257379,98.2
857,3186042,623.03
241,2025185,1.39
461,186212,19.02
337,2028846,1.85
262,3215552,12.14
1191,2823566,89.04
233,296657,0.87
1570,1072728,3600
470,3263395,6.33
390,1223546,53.28
502,238245,14.97
826,1656699,98.17
704,1205165,219.78
1087,2856881,238.78
546,1895486,18.86
819,113766,99.16
589,1550157,67.01
1342,1905771,649.22
539,2842430,148.66
1573,2439826,345.68
1233,2073945,269.93
834,2561675,288.9
1163,2766458,274.55
1026,1643751,370.97
570,1986789,10.29
729,1931045,278.84
1385,2455068,642.55
1590,809309,3600
370,176192,69.09
1150,1450514,264.92
1589,1740039,3600
144,1384774,0.28
1490,1826264,452.71
1087,2124751,35.85
450,2109466,26.88
601,793046,42.36
1551,3088783,434.69
1305,1684746,48.86
215,2966950,14.37
1270,841575,636.39
558,1238381,60.06
301,2089493,9.36
681,786590,41.65
412,530871,2.74
1270,41381,302.42
244,3093512,1.37
1198,2340862,313.26
690,486195,119.76
870,3220226,378.11
1152,648846,1337.22
1355,2599826,2510.44
1562,3218007,261.93
284,3211887,1.33
336,2250919,3.61
1365,2124398,1778.04
454,2519189,22.24
814,880022,67.15
355,2532237,5.06
982,1765003,977.87
1562,1094902,1705.31
774,2041353,280.76
835,346726,140.0
1070,805102,753.29
662,1707310,8.35
955,2764287,2268.65
113,599175,0.36
816,3013690,41.77
1530,1200212,1372.31
602,2956913,72.23
493,1427774,25.93
649,1111294,49.24
1401,1901921,974.61
533,2329279,124.86
848,897727,783.04
418,1196722,6.29
1382,1227092,239.03
227,2261605,10.7
893,1253292,425.97
374,1508125,25.81
1464,2905923,701.17
1547,365978,3600
487,2157622,53.67
156,3124592,0.61
1558,211419,550.37
1400,1485787,127.81
588,236579,12.86
161,185202,0.56
1387,3236550,198.87
439,1214225,9.28
127,1592875,0.28
737,409337,35.57
338,3130050,7.26
939,1893271,279.31
232,784515,3.47
847,2549121,95.82
249,570889,2.87
1399,2389218,2867.74
1315,2119765,1520.71
255,1071639,1.34
399,1534917,2.65
950,1624607,390.33
934,2085846,640.58
613,2468348,3.74
1263,619526,486.97
107,1332642,0.26
626,2001078,20.63
426,2110068,34.41
1403,1469360,148.51
772,2115727,48.07
350,2610885,14.52
613,210400,9.64
1264,2089603,491.82
574,433303,84.81
1307,1053082,1194.46
1429,2555103,868.26
1349,2644923,365.85
1311,375975,2238.01
417,3137094,17.69
1220,3132014,679.23
1167,185961,1236.32
1190,1878283,156.51
1087,1141330,1995.36
975,2399525,368.95
1546,2163047,289.87
1398,848350,3600
1235,2627846,648.38
1342,2495511,1871.01
410,2069450,26.46
259,1124937,1.0
1424,2267323,52.45
865,2289582,570.31
1340,184557,239.52
847,1169784,126.01
610,658377,86.17
464,3046396,18.12
1447,557882,2222.98
1494,2071822,1303.75
986,874423,734.29
1314,2057869,3600
1201,806925,17.15
1335,947975,460.97
938,1121787,58.0
457,2230990,6.57
198,1783475,1.53
1452,1706759,891.88
1506,3231609,681.72
787,2202784,25.7
1145,1005857,183.93
565,916882,21.5
376,2225909,3.66
905,859298,58.5
190,1624881,0.76
288,832964,1.24
383,2993934,7.59
499,3006145,118.46
1001,2703346,309.51
436,1273525,48.01
1169,2506921,1039.04
377,2801332,5.75
103,2114546,0.98
339,1016399,11.82
887,645509,703.56
322,714728,21.16
1078,1435091,310.25
1442,2410489,3600
1514,2347467,3600
523,1637227,170.88
721,1732331,78.13
653,554232,68.53
749,2243546,153.18
411,2065731,2.8
672,2750061,57.28
271,2697068,8.02
1028,804158,685.95
1174,1847483,1156.25
1181,1707837,208.62
876,1575839,30.48
641,2979532,4.9
760,567594,79.21
832,3189133,381.3
1146,1623371,165.08
143,3013712,0.66
667,1834490,107.96
908,2854746,482.11
951,3023425,106.07
1334,2094808,609.77
157,696349,0.75
1194,779549,1772.46
667,2323502,125.85
500,1130109,62.53
194,714798,0.94
720,209115,117.93
1181,294162,176.16
1143,512075,449.95
1349,2600481,3600
199,2658875,0.98
1368,566181,605.06
695,2400453,63.28
824,1659351,469.5
286,2417748,3.99
1219,2675664,2310.94
1045,3061112,17.15
1204,3128076,216.54
463,2592675,15.32
117,844176,2.9
1401,1365207,2425.92
1480,1963293,1664.51
134,882676,0.35
938,1206460,256.72
319,2752807,6.71
1218,936467,478.29
1578,2918621,734.0
971,2642850,780.02
793,1093582,126.55
709,2496585,22.89
651,600463,143.66
1284,337836,524.1
1078,581636,487.93
563,2596632,29.2
972,1491105,564.1
368,2448686,14.89
1308,318943,1114.83
1116,437789,442.78
1067,1979484,1449.35
1126,1450795,250.38
207,175525,5.1
376,1284275,1.79
1134,1664483,2087.16
370,421657,9.72
139,1614829,0.46
287,225773,3.75
530,671164,46.16
168,577334,1.57
1261,3163071,2710.78
303,521083,25.26
1173,252592,169.63
739,2809226,52.32
160,1397071,0.86
1156,934850,175.09
347,2685653,37.45
1249,1124986,547.04
818,1993000,153.55
1146,2005362,388.22
898,110662,26.98
1328,3069575,2894.9
708,2777603,48.46
121,1574100,5.84
1555,2894359,1586.44
299,2258218,9.98
587,3120042,92.12
1096,369443,85.38
403,1337804,1.4
350,211167,5.01
1539,639095,755.06
1494,1200417,273.03
492,839407,4.86
1427,652818,539.97
1129,2013865,27.14
641,1857896,26.14
357,2682561,23.27
1049,2578697,272.41
1284,623261,399.07
743,2906385,71.14
1078,3175923,3600
1423,2892500,3600
1540,478935,3600
844,849700,33.42
868,897161,119.33
1080,2198272,562.86
550,2202535,28.38
113,1376510,0.43
1257,2073885,150.49
722,618596,127.6
1182,2300532,312.09
795,70099,75.61
425,1776792,99.45
1279,1596875,2586.28
1425,2982487,821.24
230,2095370,0.57
542,2423483,141.87
429,2881932,32.73
1096,2826791,433.82
1167,1430612,1078.24
781,1644598,40.57
925,2646496,32.5
1208,851467,3600
271,509112,3.68
1059,1971433,490.82
1590,2330083,332.88
226,743771,1.35
958,2251999,150.71
889,2478275,134.96
148,1406150,1.88
365,2477406,73.47
701,2858562,279.52
561,1952868,231.44
1293,1143756,136.67
823,2079362,7.58
1507,372420,1759.85
836,3043518,65.28
736,2596690,729.01
1080,1979565,346.84
671,3125537,273.63
1497,2205779,1377.62
474,786737,59.77
700,997442,654.51
1089,1233227,266.09
1339,2889209,3600
698,1114970,221.27
1495,2614193,3543.32
1188,2544095,733.78
605,1069922,194.5
347,1942803,11.66
256,689261,8.59
1164,2154130,62.45
1109,1194608,595.49
299,1047755,14.57
365,3213564,6.8
1438,506011,152.55
118,1801973,0.61
101,2796388,0.19
389,372652,6.09
1040,1611738,295.3
155,1820464,3.49
323,1898791,5.32
202,1726330,1.51
148,3835,4.31
328,3082403,6.25
1219,2583182,426.42
370,2515862,23.25
308,3167117,4.65
553,197404,53.76
1083,1854019,166.59
206,595066,1.09
1380,1014782,1156.22
1025,2113137,543.82
651,1828467,52.72
814,1999258,192.87
136,755017,0.52
1560,716119,506.87
738,1718769,35.96
1082,99075,191.05
928,645706,108.79
1482,1559481,52.85
476,179150,25.18
1239,925621,1059.45
559,2745165,29.92
548,3067667,42.05
969,1407,28.66
171,445143,0.65
884,629603,37.96
182,2553342,6.08
795,2259682,230.58
671,327995,30.61
395,1487404,23.89
680,645867,335.61
529,2672629,63.63
1402,3074857,302.86
213,2112591,1.15
1074,3039346,32.74
566,1462436,101.39
538,722563,9.47
438,2614825,13.66
885,697827,104.89
1316,2481287,1055.78
1572,1336063,1124.58
1202,2928497,167.98
382,2340678,5.64
1390,668935,1221.93
194,2484749,1.28
317,1179735,45.81
1549,869714,45.85
776,2221543,29.59
363,2550943,2.06
1468,1982944,206.94
337,319635,2.36
716,2107103,75.73
252,88257,2.58
990,820631,67.22
1048,1556674,414.03
901,2190155,201.28
681,2269704,7.64
1055,140732,188.17
717,1894717,182.31
876,581499,190.99
450,2829305,10.56
1515,1125755,2084.35
412,2832565,3.1
1441,2075578,1552.13
1242,1447702,1318.63
1261,1471200,713.49
735,885700,207.9
256,2309356,47.27
146,3101431,0.74
1347,2922015,299.59
551,2159956,32.26
1112,323565,112.49
1322,1147878,569.14
488,597015,4.96
1517,693082,2444.78
480,2625296,44.57
665,1406084,46.5
329,310285,1.35
106,3142456,2.31
174,127059,1.71
1459,557889,163.21
1145,447714,1481.74
767,889819,82.22
1552,614048,1523.09
1401,181417,461.65
307,182072,109.95
1257,2174178,92.73
1060,3046321,204.27
1335,482983,629.87
783,2517732,45.46
415,2459160,12.88
1033,63963,353.46
888,2884208,33.82
848,2353928,464.25
1370,2741003,612.81
557,1954914,28.91
1356,1279308,1026.04
892,3011306,258.37
735,846841,102.02
999,1513964,262.65
283,3218172,2.02
1595,1394788,1295.22
908,1662623,334.84
404,2434757,19.52
1564,590988,1146.0
515,2692346,103.06
446,2255131,21.52
852,1411030,268.62
1415,1132006,85.58
553,2566346,73.1
528,1006557,6.52
661,2243557,107.31
467,344618,4.97
761,2336804,558.44
532,952546,23.39
634,2809850,455.48
510,2128137,92.52
567,1789975,223.31
291,585843,11.83
260,596834,1.23
1317,1613696,358.57
993,294346,164.44
1175,554320,657.17
1105,1262426,128.97
649,2289864,90.46
429,1281817,2.73
472,2856987,8.49
782,1839678,8.86
1538,1966175,3600
248,376395,1.83
424,2853998,76.86
526,1150088,162.87
1261,2620523,404.86
570,2057038,25.81
1188,2012299,367.7
1448,2316425,456.91
725,1737889,22.57
1529,2395246,109.63
1009,1159392,95.17
1234,818507,456.43
527,1927057,45.17
1479,3132663,1247.48
501,2614271,26.34
779,533147,197.64
1591,2226175,682.48
804,1988823,127.06
674,1300503,282.32
981,1237155,891.77
501,2596794,76.33
1143,2361659,88.05
1522,380796,950.68
152,2189776,0.8
255,3118559,7.03
1393,201023,226.2
1281,397141,90.73
849,2099250,338.85
679,3229333,154.82
1386,25082,1788.0
155,604969,0.86
1550,2383885,670.31
700,2725261,440.89
426,970028,12.36
153,3013551,0.92
796,1475991,100.15
560,1443269,90.55
491,960846,83.63
1215,1027350,3011.95
923,107262,874.76
575,1876081,180.08
325,3185881,1.9
646,559968,28.84
1141,754031,27.69
1522,250125,2021.89
610,295212,49.85
928,1873401,99.09
157,505578,0.68
713,497795,66.49
706,2528240,71.65
1198,2949017,399.11
830,1598470,386.63
1546,3074198,149.51
1574,1332593,491.54
1467,242128,326.09
730,2988371,85.08
228,3165767,1.83
309,1152374,8.63
268,1553237,1.72
311,2772960,7.31
1328,549864,520.87
147,131888,2.75
1569,166713,2950.71
1571,796336,505.1
207,2991862,0.6
1444,202193,2523.17
1159,2685467,999.29
383,2364644,19.44
1126,2161130,137.41
831,2339059,223.38
1544,1434769,3600
987,325291,39.42
657,732093,8.36
1044,204603,246.9
992,354330,32.36
1175,2962853,2550.07
334,697510,18.17
1133,420777,390.9
1490,2648455,194.98
383,2482571,10.7
624,940389,39.81
138,2888018,0.64
275,546920,1.38
1089,1060170,3600
901,2748895,301.85
900,932660,681.77
826,1372915,15.02
425,470296,3.53
299,2190275,3.5
679,36375,77.25
1053,1390062,313.59
708,1113012,78.89
840,1599984,22.04
380,729171,6.75
588,2147118,4.72
411,234115,19.3
338,1920118,1.56
1131,303385,1204.09
1129,190831,2109.06
1450,1966218,3600
1185,2953153,778.38
805,507329,490.01
1048,1950198,2511.34
998,1248890,281.02
252,2188285,11.9
1166,2682983,1078.01
1064,1264646,328.98
375,739624,102.44
711,830581,37.29
1555,1127157,751.65
716,129921,19.77
280,2774257,2.32
363,1239314,30.32
1007,3012065,129.76
477,1347482,28.57
1138,842867,205.6
1526,996914,229.48
366,1556100,32.17
131,2018957,0.57
424,2514782,5.33
185,1599325,0.69
881,2077437,96.47
1457,671574,134.31
184,370140,0.83
156,1074654,1.65
209,1148230,1.51
499,1239492,42.62
562,203237,43.88
313,1815838,1.15
979,3243541,302.21
1577,91583,3600
876,2570531,31.06
670,776412,58.57
410,1499648,42.77
317,3105494,7.96
1556,1970096,594.59
782,1294998,837.6
730,3138250,260.63
1003,1533137,1455.13
1005,3073437,398.55
801,1941525,229.35
1557,1355356,978.34
1591,1891790,2045.05
1555,1086212,253.47
1129,2007314,341.78
1554,3003282,3600
1091,122817,431.51
1160,1384185,308.75
981,47050,1329.38
958,1287487,583.15
1499,2577567,174.23
690,443178,20.75
1092,1373715,432.42
178,973462,0.92
1386,3228750,1524.1
1592,374893,2235.01
1073,21711,115.57
1023,1626641,267.0
1422,431419,1839.53
636,1721610,23.14
1173,142475,1700.04
810,3059915,302.68
859,2444435,180.15
859,1787024,165.82
393,922563,6.41
754,1067437,169.73
1412,1548035,953.19
168,2572981,7.09
243,2645382,1.94
343,1225494,2.83
1124,59252,32.11
438,2523648,8.53
744,1330267,65.14
602,1980186,77.97
1186,1655667,137.83
628,2750326,82.04
877,1445686,240.47
1243,2451392,234.73
177,687387,0.52
186,1918782,0.48
209,1521714,2.56
386,217957,65.96
1023,339698,114.35
233,2521342,1.82
138,2939546,1.52
855,687500,1002.41
921,3031187,82.32
828,1188625,14.57
208,72106,21.15
967,783515,192.81
539,2182168,73.38
1193,71350,383.1
1109,2557990,1761.49
1363,801920,645.97
288,1725757,14.48
359,662909,16.77
959,3145148,1087.84
135,1956921,0.46
1582,1920559,3600
436,1108822,22.24
300,752758,19.95
651,1287628,16.94
201,2086946,0.6
620,2836978,33.74
1247,166260,707.6
130,827243,0.33
1273,580139,215.86
1060,2099016,153.83
499,683989,11.07
901,1559778,193.68
920,451222,761.98
898,2959316,385.2
695,2141530,223.95
972,2658887,20.39
1046,2115491,58.64
439,2341912,15.34
1205,355871,712.84
270,2343576,11.03
1309,2207779,3600
168,1611214,0.74
433,29293,235.13
701,3188230,43.36
856,3200927,341.74
1407,2312397,300.23
571,133585,68.17
1467,1729606,3600
439,755189,28.6
333,436091,21.98
411,2607009,34.69
282,1852436,2.47
749,2377289,74.15
1392,2689324,344.81
1098,1009050,309.28
746,2955756,145.37
1368,1849700,93.14
185,2470875,1.1
970,464868,588.83
359,3042503,13.39
746,1395143,32.85
360,710154,10.45
1575,1751000,640.7
1022,2277031,303.44
1314,1304718,775.02
283,1336426,25.48
1423,528434,994.1
311,1887154,4.37
472,1981667,784.35
487,3109199,33.73
1114,2809878,295.14
417,2424330,99.95
852,2560842,290.24
904,1260363,121.31
286,2004246,6.42
932,2267105,154.16
269,1784065,7.68
452,1294909,2.55
383,2266848,3.66
410,988510,110.43
838,1739704,92.22
829,1966714,390.79
214,67764,1.71
1439,2048442,3600
1351,1555750,66.37
1231,139811,777.76
206,1357367,0.6
522,508774,29.38
1519,1737456,154.67
1529,1875919,66.42
110,795189,0.44
940,2806970,232.54
283,473603,3.37
915,134273,210.1
1540,655882,1631.25
740,1703102,314.3
742,3051269,14.84
989,3028015,237.45
584,173669,45.19
710,980238,84.87
911,2723007,217.44
709,437094,207.01
1453,1826050,626.34
882,1214087,382.07
334,1910168,1.86
559,2259021,161.54
1441,1554525,891.34
1055,789315,269.96
663,1111568,79.16
457,1442484,23.77
1163,2929710,92.66
1379,2486560,2109.93
314,344625,20.71
384,2355439,1.43
666,1364670,146.61
716,1177415,122.96
919,1775629,114.41
282,1500064,4.42
237,1330639,7.61
1229,2592093,186.65
204,3014134,3.48
1244,3204835,978.91
1124,2305080,1017.6
761,2638081,161.54
310,2703032,3.77
767,2726353,219.04
536,3081609,50.43
1370,1479850,3600
655,2102710,58.86
478,1773376,64.51
396,2372900,14.65
209,750202,5.96
1240,1947303,59.67
356,2402067,3.2
504,2573540,53.14
648,2748528,175.25
658,1687673,88.17
1541,3091304,2202.41
171,3140996,0.57
1150,2023650,327.93
1573,2344002,2517.8
457,266909,106.29
480,2574937,11.63
833,15748,60.58
1341,1699989,106.81
1271,788280,142.28
1119,1711778,2760.48
1239,1080931,311.23
1180,1843346,151.14
1076,496474,1218.61
733,1476209,174.19
1024,2800131,145.22
1184,2861159,3600
1489,713783,3600
1445,2126725,829.63
1319,3238956,371.71
1183,2250190,260.04
501,1277828,59.65
1569,2702928,50.27
922,2395095,276.65
1549,2447640,254.53
1306,3173567,124.32
1271,179714,160.32
1592,2737228,380.72
1356,433854,611.55
337,2915928,1.49
1509,1458269,2588.38
936,660850,132.36
1426,1762517,2766.85
1307,2153499,212.72
923,2614875,313.27
1451,1590065,2171.93
793,1212946,79.96
108,3016625,0.4
558,1110846,144.15
1316,2867354,452.9
1477,564608,437.48
1183,1327377,897.22
718,1846753,144.82
168,974025,0.55
479,999285,21.7
675,470399,108.56
1290,2690895,521.65
1579,3246186,336.79
814,477662,157.22
1079,358446,3600
1379,391781,105.27
446,2394273,18.3
202,2982934,2.04
243,1146607,6.92
933,1287896,40.14
1344,879505,3600
1230,2909313,662.6
320,1925675,6.97
546,693109,4.17
466,451672,18.59
457,559012,38.28
121,1601116,5.54
323,607228,2.47
425,1587604,42.96
795,701268,176.63
151,1109224,0.97
1019,274675,319.55
859,94287,656.0
968,957668,286.55
520,2398737,15.42
1343,2637643,708.71
1216,2436940,216.91
582,1334668,19.69
392,874645,3.06
285,1014990,26.91
632,1946059,96.5
652,3053962,243.76
686,255714,33.24
487,3140303,6.61
1098,1450351,393.57
836,1453873,83.46
924,176792,607.92
963,128218,296.31
947,3131312,215.68
1345,3008433,1870.95
579,175410,46.09
139,1624489,0.8
1074,2957767,1752.99
1008,3276197,333.36
1454,2645783,3472.13
1411,2493585,380.36
926,1012005,141.62
960,2588246,49.91
1018,1006219,531.28
760,1725987,270.13
1555,1715603,727.94
317,2208675,3.35
948,2862901,230.27
1369,1958753,58.74
835,595453,313.7
1381,2549071,1089.96
1230,70038,522.75
1078,657997,431.21
725,1313556,259.31
291,3217452,37.77
1500,1151751,3600
1510,2340030,1531.23
174,1368742,1.98
324,66216,4.38
823,583027,2211.42
1550,2127217,611.38
116,1337769,0.23
301,1803605,45.42
114,1210546,0.68
329,1766199,13.6
1469,669369,521.21
1141,832835,78.31
1257,3174144,401.16
142,237150,0.33
948,1999850,448.58
1294,3078775,971.86
296,1763059,7.18
1279,2363671,128.79
143,358481,1.06
1462,2433878,880.38
1407,2807626,301.75
866,2047337,1365.14
1288,1703873,13.92
368,1409954,1.98
841,2298007,123.94
864,157495,197.21
685,217693,65.91
194,946628,1.8
1252,2449288,214.28
566,2991279,11.28
471,1917363,22.85
521,1690188,55.32
280,548331,4.63
1235,1064179,396.9
540,946812,214.11
283,1058330,31.97
1217,939362,958.53
1474,2022542,382.04
1434,442296,1090.37
108,1232610,0.57
1220,2982115,341.39
459,2294002,41.71
396,2962765,20.39
1326,791667,909.94
1108,1616721,42.62
1330,2719075,2000.05
392,1419938,6.66
637,2778364,47.02
881,1509795,238.37
526,1910625,34.04
451,2361118,15.98
769,1060896,952.88
1026,504623,342.04
1162,1257567,145.41
1541,2639613,3600
653,1925106,145.59
824,338595,58.67
475,2638262,4.21
325,917015,2.04
1382,746572,2729.26
1278,59452,1482.02
243,438218,7.71
1531,2023050,2291.02
1458,2361075,2257.8
507,193118,128.28
1455,2047768,1947.62
1450,2013862,238.55
1585,3247100,1021.48
499,600409,60.3
1591,25618,1839.39
786,2494742,82.2
509,537832,72.13
730,2530915,150.08
884,733007,392.98
1599,2743609,2477.17
445,1255565,43.5
1528,3112607,421.65
205,680305,1.35
267,1768227,1.66
565,1844007,59.5
1232,2077108,207.29
1219,667416,805.64
1350,279846,857.27
282,429184,3.76
597,2857430,119.23
895,784964,243.72
476,576428,106.31
1544,29315,360.04
181,8392,0.88
672,2427364,28.88
1412,3020751,843.27
1570,1041696,2059.26
1392,921810,1393.41
1321,2169861,195.8
1566,2311816,3600
114,2665538,0.36
292,540892,4.05
666,2529877,78.48
625,1941099,49.57
193,1221708,6.13
1467,2835254,756.21
466,908914,25.83
1582,949648,2000.23
953,2230736,210.6
1028,2075233,183.74
1521,243401,961.49
1164,870503,123.08
953,454273,237.73
132,1405158,4.01
936,1897900,200.56
1081,169025,628.48
1152,2461706,712.06
423,2062875,12.95
1258,269831,944.07
392,2858375,30.51
1107,953506,527.57
1499,1043415,3600
1474,3266226,339.57
1564,2211543,1125.18
1509,265085,1265.57
304,2580417,2.22
321,3091025,20.79
541,2927703,22.83
733,1935303,168.81
1247,2550285,198.82
284,1871130,13.19
990,2103163,549.57
711,1272085,522.8
1046,3221889,119.95
275,2705109,12.11
866,1918246,131.38
1321,943594,1041.81
1347,2277829,278.34
1036,1812440,80.53
1307,3204410,347.95
1272,1974843,389.59
1165,669000,59.93
213,402942,1.93
1209,2157246,113.06
425,2022609,11.38
1197,1772771,124.03
327,3007851,1.21
781,2742603,46.85
343,1800166,44.36
657,734680,12.01
176,2443073,21.63
287,140703,55.81
1476,73533,1969.01
1051,2766442,1285.9
895,2101201,33.77
569,3230880,48.81
897,2981228,211.68
512,2255933,33.63
574,458264,36.08
725,1051506,51.97
1348,1354741,1068.18
446,1420404,31.83
953,3125893,197.55
646,2172384,57.26
273,673800,6.45
825,1530912,221.75
705,2042756,72.26
105,1980712,0.33
1572,819437,29.74
606,975621,13.06
868,3230687,96.96
513,1129790,96.74
1266,1728725,2222.63
696,2133162,49.34
1141,839325,22.55
1539,872768,206.3
1510,1085103,1328.33
1307,917862,1274.42
819,128434,87.74
304,1608084,11.5
1067,2100382,449.13
786,2068944,69.94
842,862392,23.01
379,2688050,4.41
1465,881922,1588.35
1213,1412383,42.11
1000,1824094,161.46
1108,2612035,2521.69
655,1449814,70.72
1123,3043838,127.94
1512,196805,3600
105,1721356,0.18
146,536098,0.49
693,519742,64.75
575,808800,13.49
643,2660740,33.1
652,885611,103.6
1298,3266222,326.25
512,2107599,56.98
1074,1620050,356.14
1065,2993010,1500.28
830,1403656,80.98
151,760994,6.39
150,1222619,1.61
1474,468294,3600
414,2949804,42.75
1468,2898857,506.15
146,2383704,0.85
1574,298461,1667.96
216,2699951,4.14
641,1280909,28.02
1132,212633,2209.36
1015,3010465,82.41
1209,1806956,413.64
1012,1598058,323.93
752,2951243,18.16
997,1348900,587.27
1091,1559700,499.05
1156,1221962,489.61
850,950184,165.91
452,420718,102.42
769,320709,106.7
436,3072581,3.01
1393,3109490,402.14
1341,2059153,597.3
1300,3242000,3600
1597,1123376,455.38
409,2383985,2.58
1321,2692709,1157.62
957,498032,1622.86
317,721271,5.38
371,1987226,33.57
356,2278692,24.65
563,720931,53.24
481,318519,7.13
1076,1449864,223.92
992,54864,1122.47
1142,2228094,120.32
1381,2498639,706.38
118,799062,0.2
746,1355292,127.22
715,291619,77.98
314,1990482,2.55
433,3264391,24.57
1044,445336,38.46
1011,2140727,581.61
1523,2395667,3600
1334,1534756,305.51
1215,3274258,455.04
200,2983882,0.93
843,3197146,215.03
851,599822,158.69
1303,1885322,316.15
292,997118,15.5
226,123715,1.32
1181,1745524,185.98
1414,389618,50.51
131,643776,0.91
509,2391760,8.01
1250,139089,1802.19
681,2106294,25.19
999,1172801,2193.16
1345,2908190,576.27
123,2876000,0.73
1522,2035720,3600
1264,347256,380.96
465,815399,48.72
787,200950,8.83
1447,1485987,226.39
570,711818,49.95
1429,1909031,840.59
1392,3178375,610.79
778,1510046,203.7
280,2739209,4.76
1347,3165107,24.27
273,1630871,8.76
1142,2918082,251.93
914,778200,20.41
625,1487303,456.06
1556,2447060,3600
1493,406578,577.5
1589,2125492,1000.16
1324,133610,699.69
1505,1076531,1780.26
1328,2468205,3600
1393,2416489,112.91
1018,1790318,76.49
1017,991087,74.36
268,936842,14.74
1204,703966,2692.38
846,1568355,55.02
1283,567380,56.41
283,268644,2.11
815,2276609,620.93
382,1300337,3.9
484,3146358,23.25
1329,1539514,1128.18
1520,1453872,3600
589,1334112,19.23
1530,2876254,2968.12
745,3016918,145.13
802,1986121,176.23
1252,760217,93.06
726,2703561,94.42
1231,2899233,126.33
1399,3055601,3326.99
967,2094435,257.85
1208,2306143,1475.13
240,2821662,2.56
817,2728888,172.06
481,2652049,28.54
927,1241603,135.79
1461,209440,1544.88
687,713429,219.77
1485,1179485,361.22
724,672400,73.54
740,1762400,53.62
961,1713912,334.92
603,1167793,257.07
501,1898765,10.07
435,783912,41.17
662,1490050,89.16
278,2593287,2.87
357,2736728,1.74
511,2618029,86.62
297,2987623,22.69
1299,3261209,447.76
1363,2364456,2401.72
1595,933393,1338.68
158,565654,0.4
211,1173550,1.38
752,3200654,138.24
637,340756,9.92
915,1338641,462.48
761,1598937,351.52
698,533378,53.12
1509,3144113,679.35
436,1481832,72.19
1034,36485,79.0
923,2489143,99.48
1519,28702,216.88
787,3145379,24.77
1440,965864,354.09
1086,192510,1601.48
376,1733405,1.73
1209,3257300,613.98
1307,2935265,2067.99
1473,373191,671.21
320,2244609,5.01
1105,64773,149.64
299,71761,1.86
1443,564008,50.98
1549,3198000,943.7
747,248712,31.93
666,1784019,21.4
802,998299,103.42
331,2445653,5.47
1104,2469946,2384.7
1133,1640568,816.93
1566,1984000,798.4
736,161566,174.13
504,2853866,23.56
684,1336078,18.23
1197,2186380,820.54
837,303629,10.41
805,1480447,28.03
1589,3034300,594.9
1122,1864025,1902.79
1264,2144537,2152.64
572,2081662,13.2
1034,792168,502.41
720,562643,495.38
1014,1720196,45.3
364,2273028,106.57
793,2281481,86.7
1375,1548728,425.7
1261,2102506,482.67
1358,159812,846.03
1539,2544017,2466.89
1175,1565788,1192.89
626,1538285,105.86
1231,1300757,266.06
159,285487,1.1
757,3011428,62.13
849,2103536,328.85
889,421776,332.52
1367,2636617,141.25
1108,528945,3367.92
521,2579764,69.41
667,2660825,91.33
897,365413,62.71
971,2367312,78.81
381,1303238,3.07
485,190709,14.15
1193,1711057,457.86
736,523023,1563.1
944,1743712,290.02
1000,35530,1086.23
1137,370776,152.09
409,2719375,61.27
1309,491160,196.68
902,3036652,371.58
1068,2739989,152.63
907,140230,69.87
1268,3106969,1267.54
1248,1447887,447.72
721,3156057,172.18
1071,1456385,41.32
1279,481736,1041.57
1433,2653523,3600
1311,2973291,74.09
929,1722598,74.86
1280,2709189,254.51
1400,862438,2231.76
864,1262975,24.12
370,3245256,10.92
448,1028987,19.44
1259,820643,971.26
502,2709831,9.28
686,1154384,44.99
1072,2257231,1147.97
242,2031251,11.65
204,2086632,3.6
1552,2269196,390.49
1421,359806,494.01
363,2327801,3.06
670,2241606,152.74
715,2418632,59.25
1164,2188201,723.37
1240,2320595,987.79
168,2627321,3.0
989,1019740,605.0
182,448863,13.7
1140,1705838,285.82
610,784339,62.6
1582,350900,119.57
845,1238832,20.12
1148,996809,451.85
843,319646,36.67
1497,1485627,347.67
1439,1953792,1613.79
125,2814379,0.53
517,731740,135.73
963,3274037,32.57
143,903633,0.41
772,1868763,706.04
1029,2168672,1494.04
168,747409,1.24
1286,898716,266.53
219,2175376,2.53
1463,2265208,118.53
800,1923066,104.59
661,141587,10.66
738,1731401,51.77
679,1062551,437.19
621,238955,352.35
1074,2668700,280.58
1150,1069465,607.48
382,2977668,42.22
1081,2505676,59.2
1237,249634,1361.06
1489,1490262,599.22
1221,168156,1255.59
262,1323337,1.18
808,1697143,23.18
673,891362,721.33
737,217937,356.37
1275,1943221,1163.06
102,1091457,0.53
227,3021293,9.78
1031,1201159,312.09
1286,181948,269.64
108,223868,0.42
1554,885120,769.33
1263,169215,122.91
126,534989,0.49
897,2098395,52.6
627,1088267,75.92
238,2052164,6.85
1598,356789,2383.27
246,1947921,5.27
1468,270592,1394.96
1425,1568056,416.49
500,865039,9.4
480,619807,9.01
280,2167132,14.85
448,1955292,44.69
1558,1709654,3600
456,1725467,23.0
729,3003619,156.33
252,2670443,0.64
608,2511697,25.9
446,2239946,9.61
677,2469934,146.77
1126,698249,924.03
1181,1564935,75.32
1181,739841,167.0
1045,1163793,223.04
1045,1780613,1084.59
409,1045226,69.79
672,1098252,68.54
779,203832,269.93
827,1351874,64.62
1210,833189,248.67
714,211617,215.67
1039,2144057,252.76
941,2707824,294.55
153,633594,1.16
1026,1962632,300.33
607,1232694,23.95
1179,1533730,2085.68
536,2544175,35.83
119,186012,1.69
978,209118,1283.46
1418,338750,2065.1
689,1906328,27.3
797,1898418,387.09
792,1820740,506.29
563,1625485,105.49
176,2508028,1.79
693,3157782,223.16
104,1824035,0.47
287,171628,1.63
1161,2520635,213.93
1419,1075731,827.53
787,2825523,80.12
768,132100,32.62
759,1281539,241.53
856,2321959,280.43
834,2646420,53.82
1369,3187623,102.3
641,302717,31.27
1309,1737202,1965.07
1547,1427514,77.33
296,873787,1.68
580,1540717,19.84
1139,1636898,656.69
1187,2378880,718.34
859,1399307,28.32
1177,644832,189.61
736,2189969,70.09
1154,81512,516.78
825,3072912,56.29
487,2778629,19.79
868,398185,19.88
753,2262959,49.89
582,627635,29.54
297,2085710,3.45
708,2919587,116.78
785,2012887,142.16
765,839916,142.01
1290,2775827,266.15
386,1445841,10.41
1017,2887600,39.41
689,1894820,78.99
611,101101,123.87
836,2067814,144.95
683,1124719,83.53
918,1314845,106.68
101,2643300,0.36
492,2107591,100.5
1571,1045700,360.79
556,1205100,69.12
295,2218800,2.8
799,1844625,154.12
1065,14015,318.52
726,3148396,321.16
1307,1181665,1552.43
823,1666643,1067.89
157,1179168,1.24
973,2528960,259.37
884,1995860,117.27
717,1198948,65.86
414,3072176,2.12
204,2736471,4.36
769,2589618,205.28
871,2121353,265.91
552,897900,6.32
1200,84712,212.58
927,2913207,232.77
494,98704,3.54
1336,722980,336.78
358,467502,15.63
1254,885878,517.82
240,1586855,2.77
645,2407508,57.84
1576,2858072,553.82
123,382538,0.24
1027,135935,458.78
692,941817,215.05
1170,809048,1085.45
1322,2426423,2776.02
518,227949,4.1
1307,2803094,1177.92
286,2052230,1.97
313,2869702,6.09
1197,2733930,3600
103,1227450,0.24
1595,2308505,3109.89
1395,1228598,3332.06
531,209172,87.76
1217,3090362,160.71
247,2231107,2.21
819,754494,35.0
1550,1221441,516.2
200,672616,22.94
559,2594824,168.72
1534,1276119,399.97
1470,1100732,999.31
383,74922,4.9
1499,2808683,2035.14
716,314650,46.92
137,1446037,3.05
1148,1563918,70.69
336,2128368,21.22
1198,1414831,369.4
1046,3099418,524.7
1178,2605709,1606.31
1506,3261371,3600
270,1085132,15.24
757,106837,125.9
1137,699004,2573.41
1241,1765060,99.57
739,2979607,141.27
500,3240178,47.89
470,614217,25.85
746,2026905,218.57
165,1982445,3.0
670,1199881,17.13
1195,218303,241.44
937,546500,161.17
570,2804183,111.85
296,195303,1.5
250,345296,36.84
1244,1304633,1409.61
478,2721621,14.21
272,169269,6.13
1163,2205631,416.45
472,3248349,86.34
1552,2554504,2891.85
905,1884229,95.22
1124,2803500,240.06
1245,556171,2917.64
119,2195131,2.72
373,2664528,12.4
258,2025062,19.04
1115,365046,347.64
1211,2551101,131.98
610,1990307,671.65
650,2133284,187.91
688,180378,5.92
400,393763,24.88
1571,2375198,3600
1440,185930,288.26
852,1696435,278.77
747,1619055,22.96
166,1397818,0.89
851,295490,880.74
947,2058028,235.73
1064,1334288,585.83
794,1318489,492.71
1286,631917,72.84
1404,467850,121.15
146,2862475,0.58
416,146387,9.34
1068,1584496,467.64
1401,2661087,3600
994,2779709,1576.46
957,450962,838.78
825,1210657,268.86
815,1811168,332.82
464,3082881,22.67
550,680343,16.7
1175,1235489,2215.7
497,1897025,9.71
792,1241390,710.44
1317,976871,1203.72
1195,2111632,1329.62
329,2311258,3.33
624,1945600,43.82
214,2491035,0.63
302,2283334,8.32
384,632402,55.98
477,259164,20.18
1117,2748985,97.83
611,1587432,169.79
420,2958732,18.03
1390,1438623,703.21
694,2397895,34.32
462,3026779,56.14
480,2797690,16.56
1050,1297892,90.17
1484,2249526,357.45
1127,803930,522.65
1266,1238848,741.85
788,1281977,11.27
1541,103047,3075.62
975,2912685,1407.02
1291,2335787,1701.46
320,2604367,10.38
1398,1504815,2189.27
932,413842,175.34
607,1456053,58.23
1201,2630317,315.26
1307,930585,200.17
1380,2305005,278.29
972,816678,1472.34
1195,1023395,195.55
829,1360318,588.56
1309,1886355,521.17
1322,2706486,1029.17
906,1027600,30.71
1021,1465862,621.37
406,1245075,124.57
1542,600875,3600
1564,352737,140.82
104,596293,0.65
224,542753,0.82
1112,1439503,110.17
1459,2568787,529.86
261,601581,3.81
822,2087156,194.23
1071,632193,87.14
309,738146,1.8
265,1047740,15.18
191,1627507,3.12
1306,1456801,3117.02
460,622068,6.32
1132,2050555,2919.67
426,2813703,32.31
692,2716186,35.64
226,43260,1.17
262,1742046,0.77
1385,3090303,1881.97
162,1487671,3.29
521,1888782,6.01
1583,2073421,3600
1284,1296982,688.33
600,285545,42.05
1229,1999782,602.84
980,2484609,177.94
436,698913,36.98
994,1201992,50.2
129,3041375,0.43
422,2373084,30.47
386,1716102,2.04
491,272760,86.87
565,2619725,51.43
754,59594,192.87
536,1793338,4.21
1481,2254549,373.65
1078,2675315,393.87
470,2806334,22.87
1289,2183517,1803.92
1284,748954,258.14
1330,424464,153.03
273,58071,1.75
118,2363950,0.43
599,1700824,31.68
1310,322400,2795.84
1458,2438287,219.06
1442,1135031,2712.51
1535,294431,570.62
1559,3090571,2412.95
278,314759,7.15
1518,622456,1244.53
336,923756,4.04
1014,2497432,26.62
1336,1922479,1466.28
536,1913073,74.85
1527,2901414,1536.76
877,1644226,262.72
1255,764831,882.78
780,42018,223.16
1447,2802490,3600
162,3110890,0.67
251,1400326,1.84
1239,2475819,950.4
1233,2849418,675.92
790,1954644,55.51
501,2830944,29.41
690,2225408,303.76
392,1736565,5.66
346,2233216,22.46
917,1447711,116.06
297,3241997,2.43
1366,2538253,384.28
1495,2976296,3600
551,2936357,12.93
1321,75143,304.5
1321,1738858,201.45
1242,580918,458.16
585,2157616,28.17
418,376386,1.33
859,1563582,52.47
187,998755,0.77
1472,2450030,1555.19
448,2189259,3.47
1276,2907334,562.24
1068,3029008,858.51
1116,569451,174.58
479,3272846,36.48
1066,1331500,3142.74
430,2322538,48.63
817,3011185,96.35
740,458071,153.31
1592,1179166,1771.28
1532,1706622,117.15
1405,1446194,707.29
1220,590762,123.21
476,2802581,20.14
1162,1890637,158.1
1429,2536696,3600
1438,563250,3600
726,2584062,3600
1137,3013284,280.73
292,1203906,17.31
1376,2746445,3600
284,197787,1.29
664,2680326,92.74
1377,1952650,110.77
758,1621790,11.71
1241,2936842,571.48
884,2402515,42.52
484,1046204,5.53
478,2407789,31.84
124,2797496,0.32
198,1803936,6.97
1478,2013467,994.42
891,2387936,29.33
208,2766400,1.76
178,501325,0.97
182,3236002,7.38
1534,3075234,3600
123,3158979,3.32
1466,1771248,1545.45
886,1572910,608.81
1183,1948147,387.17
307,2034452,3.98
222,213098,2.11
1354,109121,2268.72
1538,1253224,720.12
720,1773122,385.64
1076,132887,427.44
1415,2663924,1971.36
421,1192210,26.62
836,1376780,198.03
283,299464,2.12
653,345158,6.62
1061,1449026,245.04
1388,1594985,827.77
1090,1642565,1825.07
1262,292248,227.78
816,2826255,2285.59
615,1463131,91.28
569,1215967,297.58
386,69626,86.53
158,1474200,2.38
812,1904437,90.82
1411,672375,155.6
833,2248781,208.03
465,2660103,24.45
1170,1942787,595.04
493,962278,19.77
523,1108546,3.95
865,1438100,364.76
786,1278925,169.24
1288,2320393,785.44
565,3045217,32.44
151,2779560,4.79
383,1270967,21.7
499,1737260,363.66
1092,2285340,543.85
1411,2784703,390.54
814,1963742,51.63
414,1364467,52.89
1142,48761,741.42
1403,201025,568.13
1179,509121,237.47
1444,1489686,812.08
495,1370025,11.91
1550,1848650,3193.62
1364,1291619,818.35
205,171410,0.51
701,3044314,38.3
818,1964046,115.53
1580,2769503,1006.33
1529,929789,1438.75
551,453267,123.42
317,1674975,2.29
498,2779880,37.05
535,159326,16.23
312,138104,9.16
821,600142,437.8
106,3271971,0.33
522,1666310,3.47
1405,1133285,140.99
877,45885,166.19
509,555774,22.33
762,1910926,187.64
1468,688637,25.34
914,1819060,375.15
1463,685808,439.33
1522,2218016,907.35
1405,372181,613.31
263,2165636,6.19
180,3006301,6.43
1243,1287337,621.84
413,1965675,76.9
1402,1695087,3600
741,221156,665.68
776,2799162,157.92
591,2213418,232.0
1566,655546,3600
1188,415753,620.68
1387,2890492,801.28
1100,2593268,353.59
974,1099921,41.4
914,2058648,1005.57
925,3010712,141.98
1508,2329028,860.23
1097,2936003,3057.39
1336,659926,163.98
665,1057642,166.09
709,191875,15.39
381,765810,5.23
1528,2844006,2430.17
555,1091063,64.26
268,2140274,1.21
332,1952887,65.37
129,1598774,0.92
197,1169276,1.02
1084,2371577,86.34
770,704764,537.18
442,572194,30.47
1421,2844878,3600
1582,34799,3600
793,3008934,309.75
1392,452189,380.04
910,1263546,47.15
269,1930509,1.46
1042,1198513,1273.75
201,829862,5.9
167,1144099,4.46
953,1620281,662.96
214,2950427,0.62
1199,270844,1178.26
681,945550,221.03
586,2391904,41.48
1392,1030615,41.38
961,675774,48.2
363,567078,1.64
447,1984045,20.99
992,2832408,651.14
1333,4774,647.95
292,794528,9.36
888,2409050,42.21
1103,1816814,37.17
656,1735194,115.94
1176,1936525,738.66
1494,2076062,1631.8
1186,2826200,1328.72
1162,1215684,167.28
1519,869784,3600
435,2347378,16.81
1483,1831520,3047.56
774,2805165,148.85
337,560853,9.47
795,1302945,58.92
1340,2217762,3065.59
480,1336900,43.86
194,2032681,2.96
539,1742279,65.27
587,2624622,75.71
432,629582,10.06
822,736002,101.51
413,2804904,9.23
1460,1930252,346.89
927,499279,181.65
266,1771034,5.53
652,424084,208.86
1036,1529079,133.05
462,2659778,585.49
168,786578,0.81
1068,42052,2118.56
426,161400,126.4
1076,1978640,301.8
1149,2386458,186.96
1116,2112002,119.71
348,1408877,26.33
942,271476,1192.47
1329,883522,2125.01
931,1769548,132.1
1250,1924603,628.08
1438,785639,821.5
736,817241,84.53
292,1241290,8.32
1097,2223284,411.41
1558,1871118,3600
1324,2407385,1146.43
1432,224894,567.56
775,61892,80.59
788,438020,38.55
1200,653095,2092.47
447,1581622,11.38
365,2477201,2.44
488,1781505,77.76
497,413698,34.61
857,1363740,648.61
1564,2079175,3600
434,315493,59.02
359,621431,27.27
423,889068,74.29
320,590768,3.85
1125,1861709,108.46
1390,2117396,213.17
371,23087,14.85
1030,127984,235.98
337,2493532,3.17
428,2459596,59.24
527,620560,35.63
860,935110,113.76
1253,2698595,1401.41
890,395625,585.63
1075,1543310,40.15
775,3181804,25.78
1122,761410,105.19
755,1000566,60.61
960,2534399,373.82
1260,2800492,963.02
904,3058412,36.53
685,3107162,6.1
508,455239,65.76
1218,1126401,291.13
958,483373,344.53
572,2781448,13.48
324,2917103,33.29
588,36144,40.11
428,1052310,35.36
695,2060299,12.26
1036,2013814,1148.2
1378,1300649,2546.9
248,2495929,3.97
1499,2005149,75.22
953,2470256,950.34
828,1459166,389.58
663,1271818,80.32
1549,1654485,2085.36
647,1163076,45.87
1476,237933,991.8
1350,2757112,290.19
496,483605,56.34
925,1432558,236.0
377,599476,2.95
1079,397691,665.98
454,2517860,89.38
510,1136150,22.83
534,563543,22.34
1556,14928,3600
634,1155200,116.24
893,1448137,58.98
735,554331,152.86
470,285643,32.76
432,1935909,11.16
100,1213300,2.57
370,1906415,17.86
433,1843565,14.01
1494,1772598,154.91
750,947076,36.46
766,1669742,79.97
1455,167857,839.7
988,1382473,297.28
545,765525,127.76
926,1518870,282.99
1130,2203850,60.93
1199,2824835,456.28
1415,2085908,795.52
263,3056435,0.72
575,2765873,86.31
1525,2295939,3600
1021,1726201,1015.51
796,2420417,74.31
1352,2466710,2017.16
743,2684145,202.94
269,2416485,22.07
1012,377173,144.84
1525,266787,1948.73
750,1857741,28.93
281,2154578,7.67
1480,2138595,227.49
348,1542318,9.73
763,2920883,332.48
973,886554,882.82
1214,2333668,3600
129,409223,0.68
675,3143488,31.62
1207,69362,1859.36
1466,851548,444.69
1027,1574642,327.42
117,978257,0.41
477,1277842,26.86
463,2653735,96.86
1294,144894,1095.02
311,2959552,1.2
1121,659267,3600
401,2484705,3.79
145,1687062,0.81
1363,2122231,823.85
913,882406,144.17
1050,1947431,666.53
1110,2613759,1856.3
219,1847946,10.55
526,2780090,41.5
540,2110084,97.84
1223,3198567,1173.35
1330,2387937,143.63
1543,597337,532.95
407,53225,68.77
162,2734860,4.83
960,2185782,33.7
669,476485,185.92
946,1315975,424.31
1020,2172620,522.76
910,1404555,19.48
1580,601192,1273.53
217,1653192,2.33
706,3088765,85.83
557,1042012,207.66
1320,2201382,787.22
1263,2916365,952.34
413,267160,33.79
910,2738958,360.84
332,1794364,34.12
1281,2304186,565.36
340,1769010,2.67
927,2978023,133.48
1412,2604694,127.26
139,2712916,0.76
1366,236619,391.13
724,2282716,108.88
1074,1390576,205.39
866,2310339,1103.71
1077,64704,853.18
424,2974667,13.6
824,810834,160.6
1076,3227097,902.61
1131,2660569,294.34
625,2233028,74.99
570,791791,214.9
229,1048507,13.37
423,1834289,16.31
354,69182,32.28
1162,988505,531.98
1313,1917410,279.52
359,2400487,4.56
721,2089995,332.97
1014,1239537,1337.73
1328,1384825,1116.86
419,3013925,3.1
138,2650806,0.53
944,2074962,626.7
779,2665559,9.39
529,1813543,27.02
1068,1712018,176.34
271,1220746,1.59
1572,3168498,522.87
158,2536593,1.09
1371,3002662,667.88
263,149498,1.31
891,2234764,8.99
633,1742676,18.75
937,1376037,241.73
1264,2721916,2616.47
615,1919726,14.02
629,28559,23.24
749,3173789,75.75
840,1523352,69.0
1496,484378,569.75
1054,3119601,653.6
323,955079,19.24
815,2411249,193.75
1026,948328,216.23
1069,1874103,502.2
1290,3156095,788.34
778,1763709,325.16
123,485384,2.53
140,280798,0.69
1173,606545,2562.93
533,2625666,24.19
883,202362,37.74
578,441960,22.27
1550,720108,1477.12
690,3122898,94.58
250,447794,9.28
1477,503037,3600
776,2245387,159.29
1316,1761753,283.62
182,2023641,8.8
652,1250042,92.32
818,1594571,325.2
107,3050338,0.43
966,1853490,13.6
738,275896,167.08
960,1222536,1340.26
557,444444,9.67
392,33050,14.3
313,2825828,3.3
496,2957392,26.47
454,894831,26.59
353,2867237,6.73
1165,2300275,194.86
1489,3149412,594.23
1510,302675,392.38
1084,970403,723.12
419,1781175,4.26
982,1034043,196.08
1129,2273064,45.71
1447,2384832,351.65
874,2268220,471.4
865,240520,564.89
103,1275635,0.17
718,2244989,138.55
548,1737509,5.36
816,1750041,110.23
315,2499529,4.93
155,1412413,0.44
1161,794705,1073.67
1392,1390186,228.03
540,1685628,59.29
1580,1650223,1615.69
1169,944622,611.34
1260,1038219,1166.89
729,1439767,101.73
1253,1499912,197.62
1138,226139,928.6
1469,3183770,857.74
1049,2606153,520.23
191,543856,2.8
1571,879450,3011.37
1467,1326144,1025.78
860,1167593,80.49
1113,2915249,117.27
708,2057774,6.3
1215,1224581,413.95
820,1747211,892.65
687,994313,531.91
1551,135956,2250.66
378,249091,21.56
218,1766058,0.78
606,911507,49.3
410,1100744,4.22
1415,2143252,2228.86
452,199678,55.14
1415,2939248,521.48
262,2133650,8.78
1231,794214,199.41
768,2126700,14.34
1573,395050,3600
1331,1058662,2523.54
780,542243,100.24
132,1899200,1.38
295,1951978,1.93
904,59568,801.01
994,1525453,2092.37
1559,1323537,2636.57
387,3120067,3.58
708,1785134,107.35
1085,2483628,938.11
1003,1854648,624.28
127,353489,0.49
426,942523,67.62
345,36435,11.5
870,2710451,987.34
1050,2816466,10.62
146,898103,0.77
477,1982796,18.16
868,825910,516.19
745,2771384,94.73
144,2365698,0.41
680,2665121,203.52
610,2202221,9.63
829,1174324,9.75
1224,1870614,548.59
764,1938271,37.93
598,1444051,4.6
451,2461541,49.08
775,1656070,39.45
298,2590456,34.62
1391,2695200,2047.85
1311,3237763,432.6
132,2059470,0.87
529,2930980,87.31
725,896548,34.63
1338,2527563,2781.35
113,306971,0.27
1277,1084817,860.98
1432,1373914,1997.38
1330,2186086,146.12
1302,2912566,3600
782,1521662,312.31
630,509013,89.38
955,2629069,597.14
1293,1031531,753.19
430,55189,39.02
1591,2019276,860.5
1303,1729621,3600
203,3162966,2.19
870,572173,74.1
1130,2691737,2026.55
966,1163893,1243.18
1574,2007262,3600
1307,3067559,657.76
480,2806628,36.81
480,1197078,75.62
1566,1952096,325.5
925,1501731,839.27
590,2228350,19.9
1180,175235,241.1
1284,3119864,348.75
147,1356753,2.16
1048,3228065,180.92
1483,1393729,414.37
968,855964,377.32
1385,1433212,2078.54
1353,1316235,1295.45
386,480799,3.45
1121,1160264,555.0
1387,1368131,2158.46
436,2749864,3.22
287,3182700,15.44
267,3065424,5.59
1188,769116,496.55
1268,2001467,240.14
916,3190331,2488.49
377,1466030,18.09
349,2962452,63.8
139,384257,0.73
1161,1378635,3600
837,500937,68.63
787,2611636,279.27
199,2249196,1.09
332,1661891,2.72
1273,485021,1214.54
1288,1423458,71.62
127,2336921,0.31
1485,192948,866.62
1103,492585,72.26
358,1549212,3.31
1227,2115225,312.14
807,1202581,617.77
1105,361552,317.52
669,1907454,14.27
472,1472673,16.51
278,804376,8.8
1033,2951402,14.35
817,1911952,44.69
693,2785590,50.25
539,2083200,24.65
717,518000,34.96
1453,387868,2081.79
1111,1858756,138.52
938,425828,705.01
1063,673812,88.47
659,1552103,474.24
720,3137968,15.12
1510,653485,3600
622,1671328,39.88
673,882901,132.6
162,1041071,1.42
300,1580187,2.67
494,330554,3.51
145,2210396,2.58
1493,1466448,454.88
1112,783495,336.89
1498,3180776,416.52
803,286007,45.87
1497,721095,454.21
1568,804446,3600
629,2364182,261.65
1102,655267,30.57
1028,17671,1920.6
1559,1559000,3600
405,1725023,3.64
982,1872110,63.23
590,1349014,98.82
992,2181908,468.93
361,184605,27.8
665,3148842,35.93
1165,992055,1099.49
1343,3080869,62.8
1209,2976580,177.25
782,3146186,89.03
1569,41991,1399.46
205,2869542,4.76
150,1046569,1.11
448,99487,33.98
295,752573,5.1
552,2611939,11.92
634,1754882,59.08
368,1415336,12.1
1226,3142286,704.23
672,2354371,52.71
794,2535235,81.42
602,1574425,40.14
594,13604,247.67
365,1998004,2.26
1075,389650,662.28
1421,1399918,1501.4
437,476100,10.39
1425,1580709,1266.82
277,3268762,12.9
1522,1909378,3600
523,1148348,35.15
1414,519437,3600
720,204478,35.2
779,86348,466.02
533,2088279,24.66
464,721932,25.88
1581,1533498,3600
648,50910,84.2
998,1431196,200.65
1484,929078,2617.34
1272,619178,90.68
1592,2737471,505.98
1193,1294746,3600
297,894171,7.18
1398,1871617,1534.53
865,1229305,134.52
798,65864,453.05
225,56080,0.71
158,2625342,2.63
1466,2747614,381.51
1002,2709789,858.59
1355,1387702,2831.7
624,3122145,46.87
806,926947,93.37
948,2323892,107.18
860,1932783,54.44
1110,2889810,69.08
708,293137,142.26
1124,82883,457.34
1204,2466399,467.22
160,1836336,0.62
1312,2383804,731.15
774,312933,18.64
1300,3163092,323.81
498,1569174,6.79
617,271330,70.65
485,209829,3.74
768,1379250,45.57
748,535357,273.56
790,1747614,25.54
367,2780842,7.86
688,957634,300.74
1108,457475,75.99
351,2561818,90.75
1265,226043,1197.12
918,1394112,167.09
1060,527368,355.48
544,2126331,12.2
1133,710962,235.33
1226,13490,173.4
629,464004,219.61
1522,876415,1312.04
1513,690459,394.48
1229,4167,494.3
977,832978,2141.55
1283,1596180,1187.17
1425,2259077,861.85
626,2085021,264.5
336,248210,2.38
1194,612431,3600
412,1690032,86.78
1306,346017,1093.72
230,2234513,1.43
363,877534,4.35
1326,1337234,1735.67
162,1847192,0.4
633,1800267,56.48
1293,1313310,652.47
540,181382,34.91
1550,1454417,136.33
454,233125,14.03
239,693271,1.13
199,1997211,0.68
189,2592668,0.73
1380,2575975,187.06
880,3041016,137.44
337,2886361,4.88
1027,754548,10.48
498,1752913,56.91
573,139254,22.34
1522,584286,23.02
724,2484838,392.26
186,545305,0.92
304,1557069,3.05
293,2840294,3.23
1344,242701,667.17
461,754813,39.64
532,171424,101.16
459,197298,20.64
962,972648,31.44
159,2940193,0.84
405,2511411,24.2
764,457600,250.26
556,3088400,21.66
1566,2011481,636.3
1097,2424462,202.3
1523,3244846,1794.81
382,954600,17.86
1205,2154181,286.63
235,69942,0.72
1494,2515720,1330.71
1143,2852992,233.39
461,1206296,14.0
837,2565800,28.67
832,1958665,98.96
856,2894300,187.65
1455,2534912,426.09
1544,2291737,1952.8
227,788743,5.92
1233,896346,894.08
432,1653700,5.64
935,3047394,148.72
111,2670016,0.29
964,359435,72.75
118,289682,0.5
629,3080314,156.84
973,2351612,198.94
311,760348,17.74
1383,903419,1590.27
1300,995827,1791.05
1052,1238225,46.07
1517,75275,1505.53
773,1763954,77.49
1201,2446343,548.61
414,2022540,18.57
1296,2034276,1381.6
983,18017,2341.63
602,856896,55.19
496,644017,31.09
417,1029324,12.09
901,2680855,13.2
1488,1134858,2164.88
127,2369164,0.32
685,42724,90.69
1077,1519362,163.99
361,265969,3.18
1118,1064728,206.23
1164,2241763,536.76
722,2974650,80.93
1159,2247686,587.46
897,269500,26.23
434,781443,21.28
1230,1317065,582.93
1170,1128725,59.06
1550,2921390,1916.79
844,429470,192.8
189,2720959,2.24
478,757179,16.83
332,778796,23.66
803,1111851,90.49
643,2582123,115.16
933,1281460,94.24
157,899370,1.36
884,2223129,976.77
440,735491,50.24
136,307891,0.47
586,1031366,485.01
154,1388795,0.68
493,2919420,4.07
1264,231290,51.47
1271,2246119,891.9
1044,2386092,32.19
1499,494423,98.86
165,848926,1.92
421,3176582,38.7
535,1682987,18.47
858,1985910,58.91
1103,3217122,55.72
942,1061296,54.05
478,2575208,27.22
1597,3232914,109.36
666,329698,74.1
1487,2373145,1456.45
971,1496388,157.55
1437,1721915,3600
792,1928681,37.5
1423,1432512,1129.53
505,1696358,73.03
1145,772975,981.81
1307,1707594,315.15
1355,2329936,1111.73
984,2955350,454.65
119,386453,0.46
1538,1878475,707.1
919,2419501,187.01
1207,1217405,278.52
444,2943131,68.87
1056,1237130,149.95
703,1006624,32.42
473,2557025,4.44
547,187262,9.86
396,2780875,7.79
1343,1814968,1451.56
647,731221,33.51
242,1369418,1.84
216,3037490,1.09
125,2896696,2.88
844,3265140,403.19
203,804800,8.39
1361,1491532,3600
684,2710265,169.87
151,2683926,4.46
1335,971662,424.52
1126,1224026,2001.13
101,306153,0.33
1125,1801603,220.07
600,2535366,33.38
498,2641771,47.07
1501,1721075,701.12
432,3066756,13.36
341,3124176,3.94
246,3045674,3.23
1515,2460019,263.47
962,1797553,106.37
163,732424,0.86
882,291598,52.76
1204,298678,1402.94
251,906436,17.39
346,1203104,5.41
1520,3192841,261.34
1312,382491,1523.31
500,1181948,122.39
682,3117080,109.08
1026,732198,2855.06
369,3047075,14.44
1060,1481451,684.95
326,949880,3.46
1401,737540,3600
1105,1143477,225.32
1576,1139964,1322.76
378,587796,2.49
1030,2875709,1612.61
822,1964198,110.61
1362,1196915,2980.11
973,944688,48.7
537,1958646,8.5
734,2223949,34.09
1538,900031,3600
1123,1225392,853.03
181,1390395,2.12
907,489800,118.18
1324,2021275,450.77
348,1577550,4.26
1215,2779112,1026.78
1011,263043,1362.4
1512,2463225,780.8
1069,551090,763.51
1106,565759,198.06
171,2957559,3.31
1198,3079570,3057.58
1023,1746453,405.64
829,2434076,601.49
816,139332,97.46
1289,1616175,308.86
250,1685262,1.71
1357,1256410,493.35
1086,1105674,146.02
1242,1229403,123.18
788,2808187,64.27
1178,1970649,486.33
987,1422200,102.19
227,825111,1.5
666,732755,110.49
1231,2345660,292.81
1464,3012418,257.49
886,1479079,233.84
445,275649,68.1
1123,2322617,200.96
237,2517920,14.13
967,1316144,358.65
1320,2698113,3600
1214,215641,123.05
222,583436,18.25
333,456513,1.3
599,2757867,29.28
825,972222,34.79
1245,1958319,344.09
1481,2745054,917.72
426,2364791,4.81
150,1266186,0.67
1419,2378983,3600
1452,11857,1915.28
216,2677853,5.39
283,1020559,1.07
296,2373674,4.67
1366,1282763,1966.1
603,2781825,528.83
1479,2283454,1205.91
621,1847289,164.98
1306,1151350,340.1
768,2958451,109.48
838,3046250,155.65
1215,2619218,568.94
1470,530837,1694.46
988,2012946,37.72
1594,2910665,2077.53
1571,1794500,120.19
1281,2158489,68.81
1462,277267,680.02
229,2697565,3.7
101,515935,0.52
1042,2759965,91.23
1599,2701782,410.73
1413,1328834,2070.15
1142,1102168,237.73
922,1702749,78.44
1184,893207,145.55
878,1321221,38.41
172,758838,1.16
334,959139,1.7
197,1786164,1.13
545,3228325,12.17
616,453492,25.55
204,1483377,1.4
852,3048731,77.87
547,1396208,44.71
1505,745201,927.22
1409,1699938,712.91
881,1938914,681.61
844,125953,238.16
1359,1976618,456.91
730,1268800,154.44
217,744582,1.33
191,2990276,14.14
407,1344491,113.45
953,929706,68.18
915,2816516,384.4
1009,283519,527.2
789,1189323,21.24
945,388721,406.79
946,1006657,633.48
1535,2161488,3600
787,2182364,295.41
292,2812589,20.67
464,1142317,9.29
201,44292,12.06
198,1727998,2.17
1470,741250,856.83
165,2952000,3.54
1126,446875,30.96
1444,2453450,523.34
1041,1211403,242.06
1096,1874696,512.05
672,1434628,71.21
1403,3067396,3276.55
467,3139176,8.71
238,2749440,3.11
309,250867,17.28
1568,2487884,1560.8
436,1975598,25.12
364,3149840,4.22
1125,884231,194.77
372,342310,15.07
1207,159029,680.01
761,970092,250.33
303,2908113,13.12
232,2165550,0.89
181,2778854,2.03
1469,57519,361.18
761,2366883,78.43
1475,2151466,1194.87
598,1083116,214.29
201,742276,0.99
1351,703704,731.87
1019,2355881,174.73
608,2808332,31.29
1192,764108,349.86
1033,3081221,119.92
1007,2068421,147.96
1151,594879,126.3
411,383589,15.84
834,112848,451.0
925,1389376,108.23
311,798001,2.78
481,3164652,44.01
228,671978,5.57
371,2390271,40.95
112,2993536,0.3
795,2323512,98.31
907,2266624,17.99
572,1193262,56.23
1591,441758,3600
821,2315605,1126.66
517,774439,1.96
709,890145,210.02
1273,1667094,477.55
1540,1031192,1088.74
1422,2483059,3600
1057,1662868,1138.76
1203,2756650,468.54
1394,627712,450.92
815,1181781,640.09
1343,651243,833.61
622,1836246,95.31
1252,1792334,881.95
861,1187068,76.02
1167,1994290,715.2
1209,1237578,648.5
1102,735743,139.01
223,1245668,1.28
420,2703773,16.76
1370,902829,241.33
420,836440,2.36
355,525770,8.04
1249,1717943,309.86
760,1641038,222.72
1383,1822354,1399.97
1538,174489,1290.74
422,1077656,6.66
947,559243,373.7
1196,1308479,350.07
1091,1888817,357.96
1301,3074792,69.36
725,1413911,161.09
1350,217720,1588.67
236,3193332,12.06
1177,3075318,299.82
1324,2638742,227.84
989,1512830,342.12
549,2711573,14.19
1183,1149215,3288.34
1036,1867036,718.09
472,2487258,135.33
468,1046783,31.56
1516,3133932,2292.24
892,385682,1206.69
770,1603105,196.55
1134,1180598,311.61
1015,806966,430.83
566,77888,380.17
1173,3019913,1267.49
511,234911,6.49
314,921928,102.58
1217,251449,587.44
1516,753079,270.17
452,1407364,117.91
582,1288818,42.79
1056,1913003,11.77
194,53562,1.08
1381,944000,34.28
1395,1679537,284.78
351,3204234,2.96
551,135203,102.28
732,3024693,342.82
1358,2790340,340.94
386,463234,51.74
1095,1729550,678.51
540,1390257,24.95
458,1172042,18.32
594,1749378,100.81
376,671793,1.95
1089,1835329,140.89
792,2863048,93.66
178,2064472,3.93
674,1381177,33.4
1483,1434294,1059.63
691,1720968,31.03
840,2742640,59.53
1410,2604146,208.18
493,3238501,78.16
905,367453,257.1
127,328530,0.82
1332,2559723,548.88
1552,2291916,150.71
851,1539807,640.81
125,2413829,0.74
1044,2836696,92.15
1367,2341328,130.1
440,2935485,10.87
377,1054003,3.62
1000,2591898,87.09
633,942440,162.97
1287,170385,447.71
512,10913,26.42
548,2027363,5.8
213,1469420,7.16
1330,853134,545.64
1250,1939608,191.57
1468,2236306,1280.77
791,3125446,168.31
1557,3001956,634.62
384,668991,11.86
859,2981811,395.92
1581,1279241,1772.2
648,281994,262.74
279,2694734,8.05
530,944000,69.39
1565,1550487,1212.0
204,2952800,1.18
928,515962,288.63
487,2704087,54.56
613,737234,93.52
1574,1478481,352.36
722,3002584,47.86
767,727860,180.29
953,2694854,439.03
100,1642465,0.26
1546,2025710,560.72
1457,2513184,939.91
588,2245495,17.67
187,2913754,0.64
675,159746,197.76
647,546132,128.64
900,786948,168.26
894,961372,198.15
427,678023,2.78
1239,1568563,488.55
1347,1328800,614.4
744,2086972,84.07
1337,2053468,80.82
921,1320508,219.64
1434,3085082,122.89
1077,1453316,110.05
379,1229051,2.02
647,2844681,194.87
1154,3196063,461.88
1094,633272,871.14
178,1317163,0.89
246,2010622,1.18
1481,2832137,129.35
537,2050285,5.41
1244,2248742,22.23
362,1652564,2.67
1322,3064975,2618.26
819,281955,126.46
442,1177247,11.88
605,3066211,8.56
1066,1270064,235.12
582,3262592,31.22
208,3058246,0.76
746,1239227,121.23
1471,1684123,3600
1401,2879303,187.44
1170,1458200,278.65
1475,820367,370.94
573,1502400,118.47
1182,22862,273.04
1537,18700,624.5
1430,1452200,2749.67
388,1591543,7.64
475,2732421,81.82
1376,2796200,393.2
107,858537,0.21
644,1899701,18.38
323,1189895,4.69
360,2345710,2.26
1565,3146787,3600
1356,757218,852.33
1495,2032126,486.87
1323,3236196,373.6
927,1277598,1352.14
518,1055354,27.03
1249,2488873,462.43
187,1985441,0.75
888,3167282,32.94
391,2967989,8.52
537,573882,6.65
885,2563132,189.93
724,2519987,199.14
1456,2106085,343.48
916,2746467,99.1
1387,492966,159.09
1083,1467814,592.67
721,256636,9.69
1145,2423122,1424.43
1250,2374222,262.19
1532,3067657,637.93
288,1494339,1.5
1548,3256907,860.02
922,3089987,337.75
829,1871992,401.81
493,28513,53.23
843,1024667,271.39
263,2857673,5.54
893,3198901,674.17
615,2572355,103.91
966,2340235,494.1
935,221555,40.16
905,734935,89.73
1188,596587,1548.41
1531,3130954,166.49
382,2539972,14.67
468,1263131,7.98
620,276774,30.12
1493,2758374,1371.52
757,476524,62.9
127,1823617,0.81
223,1878950,14.58
680,1342237,45.08
966,3094393,299.47
173,2483825,5.04
1489,477762,3344.03
966,656112,279.4
601,2466803,120.39
1381,2980428,220.48
791,425515,90.38
818,3197596,52.69
258,1396256,1.98
837,1136934,1413.85
1432,2528790,850.86
723,650121,36.08
980,190653,322.64
135,3114268,0.25
525,1685790,3.34
1002,2295221,130.08
1110,1013165,327.48
1539,1527365,320.67
293,497088,6.31
736,253095,21.07
1108,1946462,140.37
437,2596567,21.98
365,2049267,2.35
760,497639,25.83
703,2487783,50.31
1502,724236,3448.9
828,935556,715.77
167,1265862,1.25
472,2896203,167.52
1053,2661747,552.91
1544,2226521,3600
120,2591760,0.21
1089,2328473,554.2
358,1848207,4.95
293,2843353,3.19
543,1881666,14.43
791,807681,51.55
383,1907736,9.53
1388,1182327,103.83
589,353702,107.6
1470,1044076,1887.47
331,1204975,3.81
1599,125537,2683.22
1156,1166519,3600
784,14351,56.42
1239,913088,1749.75
1214,2286027,3600
881,3059776,40.73
473,3040138,184.53
1217,3153406,1299.58
878,3270412,682.1
1367,979103,1097.06
1320,1438112,178.59
1042,2145387,1046.01
948,1622968,38.88
458,446042,38.58
1596,2249378,3600
1254,260973,1293.52
1310,2340096,2651.3
206,1368226,0.61
1509,1478987,3600
1246,517483,737.29
519,1441851,186.26
192,1775098,1.47
1346,2671826,530.77
662,1571452,76.92
1144,195097,91.44
355,2724517,13.36
417,2385721,9.21
767,435456,1014.19
493,133082,39.97
1178,2109055,415.72
1531,1465037,3600
1022,1056960,165.9
1354,2786671,869.18
972,120943,341.18
1143,282430,1195.11
580,1306260,6.86
674,2140272,22.73
405,449189,1.8
230,1148824,5.73
1141,1795367,134.51
447,147359,45.53
1404,990256,255.6
757,3080216,164.85
1119,1152362,191.0
261,915685,24.16
369,2382348,16.35
1249,484975,199.22
678,890590,521.73
1475,721982,2011.18
973,618775,102.22
213,130230,1.83
437,2849600,6.0
1154,280987,1387.29
1258,1195987,1646.66
557,1836609,19.1
896,859643,98.43
1541,1574410,2842.65
832,2175857,574.49
467,1737960,33.97
1549,2997321,2564.41
413,403025,7.95
926,598289,414.82
1588,2269203,805.83
272,1547317,4.0
446,1717393,22.99
406,1699902,3.52
731,2760198,1387.06
449,1259862,7.65
1449,876242,1780.04
1098,2329806,95.33
296,603403,37.67
691,2045450,128.68
1250,1754541,204.27
142,1256576,2.98
513,2861832,25.85
749,1900505,301.41
1405,1604862,494.57
605,2503930,65.9
223,1525667,1.59
1331,188007,1151.19
485,2493908,47.22
543,3272692,33.43
458,2748946,3.95
983,1230730,280.37
445,296291,62.44
104,698165,0.46
1244,1720260,375.21
1205,837512,1675.89
1002,2475659,117.92
210,2071703,0.54
521,235178,41.54
968,93587,206.54
778,1872630,145.18
940,3109521,59.91
470,2591930,32.47
941,367825,41.71
215,3144350,1.89
373,1316275,11.98
321,1267387,3.85
732,959531,120.42
1309,2382096,2694.72
549,2355884,59.75
1486,3162093,322.68
468,645220,6.27
1042,2385075,653.27
508,1404626,4.39
1051,507423,579.44
455,3218853,41.38
1336,2090560,135.86
1371,842406,1077.86
1132,327339,742.52
103,1958289,0.39
995,232132,136.69
1143,2152107,192.8
337,3086552,3.63
1544,1441245,1091.48
1435,1561109,1846.58
565,1708164,94.84
1494,594017,3600
1358,1260529,1843.6
480,2353176,5.5
953,1335200,251.13
442,845967,10.62
1250,89167,132.45
1210,2407840,803.72
870,1131224,428.4
995,2257226,216.05
446,853991,27.9
1027,2119301,451.6
758,520161,48.42
1472,2780658,3600
847,2391151,262.53
788,1628905,10.75
730,2642929,312.97
613,1766851,116.87
417,1209079,6.72
464,1251502,5.17
760,2381368,109.05
778,3058679,2260.38
1007,2229482,270.71
1107,2041003,1230.95
805,1245729,122.65
699,232025,219.03
165,317012,0.58
246,2170850,1.12
1207,1067225,646.88
854,3271412,122.91
939,1883356,647.77
921,1156565,879.03
170,1617287,7.69
409,1761684,41.64
694,2639234,7.32
963,2561573,202.0
1138,1453890,411.47
1411,714384,737.62
974,1576562,148.42
705,2606225,49.3
330,884153,2.25
1220,1339386,305.8
1180,153853,362.9
1205,2670234,581.59
219,302664,1.67
496,2409559,12.19
771,928879,15.31
620,1093985,34.62
847,2536753,111.03
627,618473,12.18
222,1360505,0.95
577,2504124,17.68
778,2258577,161.41
1271,1757467,868.77
246,1877967,1.41
1282,2194228,738.71
1169,862792,1155.09
1113,1464992,1241.35
506,2543464,19.04
821,830859,10.17
386,3190399,3.21
296,1819883,2.15
1090,1220766,97.64
266,1927371,6.98
402,2967508,15.66
1517,1292485,958.14
119,26564,0.39
589,1110983,13.12
1557,1145828,682.26
1366,1110258,262.46
497,1500883,7.05
846,474652,416.24
954,1090411,151.64
732,2306248,306.64
1411,1418325,490.71
933,3184875,206.81
440,2264731,63.28
342,517468,33.98
345,592534,8.12
917,2465762,206.81
835,745846,678.55
1305,2969875,199.83
105,1348037,2.81
964,3231240,3600
385,78968,13.99
795,858839,34.73
729,1910139,83.59
630,1991492,171.63
950,1199454,224.07
219,2272702,3.64
867,3009347,173.07
1297,2725751,1575.98
1388,1263237,695.62
912,2062554,112.93
1416,1052507,3600
643,970465,254.26
111,2149977,0.6
869,248728,232.48
711,2150823,18.38
639,2023053,221.82
1503,1292900,482.35
1141,2857380,63.32
902,2399651,212.87
1306,1696642,172.65
177,1837728,1.15
1453,2828473,1555.75
776,670269,273.66
199,1863059,1.08
560,1888041,4.47
852,2526936,521.55
1213,1339793,1044.0
1466,2338893,430.86
403,1246051,10.85
1450,826488,2587.62
303,1259880,4.2
1028,235013,421.44
1313,1922488,134.3
983,2125610,9.42
1541,343140,1987.8
409,2043604,54.5
829,2949327,69.53
486,2251683,68.16
1345,3043705,587.26
511,2143973,25.43
332,925750,2.73
827,3006000,303.22
1332,1632187,196.81
788,436400,132.0
748,2264309,56.45
246,2776696,17.12
214,889493,13.41
1218,2061807,154.77
440,2268585,23.17
1126,2467212,1123.71
494,600521,69.5
365,2975856,14.06
1217,713501,357.35
1063,3245600,170.0
1337,1683196,2623.11
913,1781287,379.37
1158,961641,438.13
630,3004119,9.49
984,2191850,267.37
533,2532846,39.46
555,2999573,4.73
493,2363432,12.31
185,3189603,18.69
1478,1871009,681.3
1293,2090834,1812.36
1313,514705,188.28
1213,1134975,635.82
633,91411,8.41
587,977985,299.75
399,1363445,75.98
1003,1734299,23.66
812,2541649,795.69
966,1551160,80.63
323,3120937,3.5
638,804855,64.22
1311,689912,3600
1506,2263537,1350.83
1281,888043,229.12
1110,3055489,1689.66
1238,2249489,813.44
128,2522003,1.41
1418,1112861,3600
892,2343059,158.86
439,1975503,6.62
223,3231909,1.1
606,1198325,145.89
457,738693,66.3
475,433518,12.57
1465,2165056,156.38
1084,487059,18.37
490,2492228,21.29
1005,2576525,140.05
1111,416228,214.01
1319,2664285,2232.25
1463,171871,1134.03
421,323053,2.57
1538,2730750,1777.85
798,618790,32.3
1006,1106683,119.89
1330,2308568,94.75
903,1817656,1216.37
1130,434841,303.28
649,2291907,208.72
752,504099,101.74
487,1452336,69.47
1070,1496378,363.21
1355,2113038,3600
1057,44596,304.93
1207,2509454,282.03
382,3213771,4.34
172,564516,0.93
813,2705225,55.17
1152,512684,213.52
621,181100,41.56
292,527815,2.78
517,2795525,410.42
838,1333216,365.05
759,1714053,64.55
924,2331733,265.62
650,564455,300.09
1028,178419,414.47
866,1714062,471.4
1134,2343375,821.81
103,2503801,0.63
786,746106,242.7
562,3006276,128.96
157,2258041,1.06
374,1442965,2.93
888,2340460,13.14
1054,105106,85.06
972,1681450,81.16
1203,762212,225.07
731,1611415,45.63
877,2001781,436.14
1339,216078,182.38
635,1335465,146.72
1182,1200906,578.67
1450,578626,2466.88
1513,2921226,123.94
1069,933400,141.21
1459,2159757,3141.38
503,2675259,14.88
1466,1553349,568.33
297,459549,2.36
642,206332,76.65
1470,1488179,434.88
195,385561,8.47
741,341441,106.23
842,2471926,92.27
416,1668645,37.57
1178,1364945,1329.28
686,3031517,54.57
553,949528,6.57
794,2704492,245.78
181,1821741,1.01
1398,2052091,908.65
266,209770,3.2
646,2158176,55.9
1007,2121060,20.91
1012,1173694,15.29
1060,2223055,640.46
1027,2830162,584.63
508,848737,21.0
535,2545262,74.33
304,3165288,3.99
425,2393166,4.6
1347,3161660,836.23
407,1006516,12.48
136,1188425,0.52
371,1882333,1.92
1046,1899907,757.92
672,1127678,6.65
315,35646,3.17
1176,2774850,417.04
1250,1149700,551.96
1433,676550,2090.87
415,322431,31.58
1226,694443,2843.67
501,1776884,167.26
1476,1907021,3600
127,148025,2.49
1413,1951529,3600
1146,455887,573.56
995,2927168,1937.9
409,319701,61.42
119,2399318,0.52
1564,1347843,1726.57
267,1143992,6.81
287,808609,1.37
774,2543239,71.72
602,796564,17.11
1261,2857845,411.75
217,2322132,12.67
1249,731387,973.57
1141,593451,1745.75
727,17860,34.44
981,1504714,50.03
270,448452,9.12
638,127861,99.19
1098,3102638,703.92
1167,1182714,343.19
459,624795,27.49
1253,2757321,350.27
538,1318873,119.16
310,3104651,2.36
1490,2152746,539.98
1327,1582568,1689.85
1212,2389376,431.32
1143,3112605,555.25
1548,2182391,2763.01
730,2137593,269.46
677,866342,66.71
1477,121088,3390.64
1554,1384915,197.72
962,2129756,3600
1349,586694,482.79
678,441846,57.34
1598,1565254,3600
1362,1852425,1971.96
1060,620025,299.89
1255,1920981,1058.48
1182,16665,903.94
337,751903,12.42
300,1466996,4.14
189,128285,1.33
939,1720753,181.89
1188,2693148,75.33
572,2535709,105.41
983,882960,1632.82
861,2255442,420.12
112,1379395,0.21
1407,2386442,3600
1188,156914,221.23
1396,1183121,241.74
268,840488,20.74
1401,3174946,3600
1202,2477832,1158.21
706,2018885,47.13
1108,104257,90.54
743,2403851,66.17
508,200114,31.57
707,1095803,38.39
168,957562,1.05
1481,1936167,3600
632,961195,15.58
1329,2754106,1221.87
1396,1462783,289.23
677,2263705,17.21
550,2077591,13.3
1274,2139480,1077.52
1177,1139858,277.07
999,1708492,160.86
188,371283,0.64
322,869324,11.64
352,2214094,3.56
1275,535102,938.02
1545,258944,2954.22
982,1201328,11.36
434,1910353,44.59
455,2751967,4.77
1320,1579159,20.15
234,1650218,18.01
702,178750,279.04
1099,477337,381.56
698,371931,23.09
1460,1403206,995.01
1360,1636340,606.09
653,577300,111.4
1363,828393,1495.35
1068,392989,126.84
189,2687328,1.09
587,836267,33.12
1439,2602032,575.67
322,3221279,7.6
469,1706198,37.69
1452,907584,733.21
758,1236182,264.81
607,2705469,121.01
872,2592228,232.28
1173,1182173,985.37
757,984464,104.91
916,3252574,282.02
232,2679682,2.69
224,3201454,1.36
1584,1674614,250.92
1334,294792,728.46
581,2857263,101.23
794,518790,335.85
127,1879728,0.61
1091,1711783,591.1
127,2616578,0.29
677,570910,118.33
597,1660981,102.09
1248,3260660,3600
609,2555124,121.55
1342,496753,1444.34
739,1272412,95.97
1129,801550,1050.03
861,2460428,880.69
1279,1459753,530.27
1006,2047693,600.36
1576,1894034,3393.61
460,1517767,21.44
1529,2164974,3600
1197,1890744,87.37
1146,1727099,565.34
389,1828826,11.79
566,602658,28.32
245,2085237,29.93
1075,2523033,656.49
640,2087066,85.67
285,339625,1.37
627,2422900,31.57
549,2241737,8.01
1590,404118,1096.58
1008,582853,92.63
1089,1405865,455.53
394,2373756,6.83
517,2560131,13.84
483,3115778,6.0
273,707540,1.78
973,1297576,101.73
356,771159,5.57
1223,2604550,1014.29
766,2344681,235.65
691,2745928,54.83
1116,404661,449.23
1471,2502910,3600
253,1384640,34.11
457,2379210,24.99
1252,1057573,144.44
108,2503197,0.39
1318,119450,1489.95
1066,3144550,176.03
350,1383040,1.88
797,3030235,681.91
1193,1584422,665.91
604,1669159,20.7
125,1102733,0.51
976,1646057,208.5
1232,1563110,282.08
1319,3086255,612.49
762,879985,153.37
999,2913699,234.76
1470,707639,834.78
288,3020608,11.02
617,2379691,45.86
1526,291583,167.95
1411,290643,3600
589,3268485,143.64
1533,629737,379.67
943,2103682,235.49
1146,2941406,993.58
1148,2961610,1567.48
749,2430961,1247.14
558,1937167,315.45
657,1911182,403.46
657,1259773,25.74
741,1561769,26.53
1214,640810,662.58
1043,1760800,280.37
1568,1533925,3228.84
1487,1080500,2372.01
185,2362384,2.74
1108,2613671,28.19
172,3134456,1.16
358,2022137,1.7
655,908921,105.63
244,1379845,12.9
1544,2504937,1649.87
172,847032,19.37
135,1869490,0.6
779,2032465,595.0
1135,182906,331.84
386,2326293,14.3
1165,3101028,714.15
1090,139384,2605.69
325,1923397,1.8
443,871307,131.18
812,412112,99.28
1099,1793271,114.31
965,672846,196.05
1215,3120767,431.12
657,2869435,20.02
1348,1249759,418.36
1478,1337219,1648.2
854,1965655,77.41
965,2661814,76.79
1212,1483372,155.96
572,749866,46.35
125,2705970,1.22
499,2381295,16.92
722,553887,15.63
102,3133874,0.4
992,2863041,50.24
649,1360697,128.3
768,2446113,46.19
1201,2425240,629.23
1074,528090,1124.87
1166,1125311,151.79
694,2801658,91.06
1002,2339297,779.52
721,2015326,136.03
1005,1849450,631.73
1031,2243329,361.84
663,665867,84.16
807,2580091,150.12
431,2118225,39.58
1595,685703,92.32
266,1475000,39.9
1307,3216800,670.6
1509,408587,3600
1106,2161275,914.58
1534,119246,1223.06
1547,948953,509.97
1261,1580184,778.95
615,2010840,14.74
1534,2558507,641.4
399,178953,29.65
1377,1023184,2827.79
1475,929485,991.13
222,2270467,1.08
1358,2660845,514.81
765,3269120,71.31
644,470013,92.97
557,582904,83.92
677,547268,46.85
682,876962,85.72
611,2282405,97.02
1419,1942071,378.84
833,1245146,57.53
1453,720783,818.17
729,2709233,308.89
670,2785360,42.57
642,2133760,105.73
751,1433067,375.9
775,2392419,196.87
760,1858978,186.62
477,1331534,37.39
472,1677639,76.56
1324,204534,866.92
1244,1162731,1353.53
1491,1493913,2499.47
1308,1471280,266.64
1470,3212938,1591.47
1293,3220671,46.24
766,2096980,11.66
1007,1060089,308.37
1576,866213,162.63
950,57182,81.83
350,2932576,19.5
1282,3199213,1229.01
1043,89467,50.05
960,346042,138.75
414,2169373,18.92
785,1810668,162.94
1513,968822,849.24
656,1649055,240.1
690,2738414,181.48
1248,1935587,498.31
1004,1097125,1584.4
1003,237218,272.5
640,1635609,53.61
301,1013331,11.13
301,1414778,13.02
862,1601475,226.4
859,604717,427.15
749,2379551,71.39
1052,1228828,127.96
802,2976882,344.97
176,3156178,0.82
1249,2061337,269.55
